stress test log: /home/ltp/database/-riscv-pke/app_stress.log
rm -fr obj hostfs_root/bin dirlist hostfs_root/.dirlist
compiling util/hash_table.c
compiling util/snprintf.c
compiling util/string.c
linking  obj/util.a ...
Util lib has been build into "obj/util.a"
compiling spike_interface/dts_parse.c
compiling spike_interface/spike_file.c
compiling spike_interface/spike_htif.c
compiling spike_interface/spike_memory.c
compiling spike_interface/spike_utils.c
linking  obj/spike_interface.a ...
Spike lib has been build into "obj/spike_interface.a"
compiling kernel/elf.c
compiling kernel/hostfs.c
compiling kernel/kernel.c
compiling kernel/pmm.c
compiling kernel/process.c
compiling kernel/proc_file.c
compiling kernel/ramdev.c
compiling kernel/rfs.c
compiling kernel/sched.c
compiling kernel/semaphore.c
compiling kernel/strap.c
compiling kernel/syscall.c
compiling kernel/vfs.c
compiling kernel/vmm.c
compiling kernel/machine/minit.c
compiling kernel/machine/mtrap.c
compiling kernel/strap_vector.S
compiling kernel/machine/mentry.S
compiling kernel/machine/mtrap_vector.S
linking obj/riscv-pke ...
PKE core has been built into "obj/riscv-pke"
compiling user/app_print_backtrace.c
compiling user/user_lib.c
linking hostfs_root/bin/app_print_backtrace ...
User app has been built into "hostfs_root/bin/app_print_backtrace"
compiling user/app_errorline.c
linking hostfs_root/bin/app_errorline ...
User app has been built into "hostfs_root/bin/app_errorline"
compiling user/app_sum_sequence.c
linking hostfs_root/bin/app_sum_sequence ...
User app has been built into "hostfs_root/bin/app_sum_sequence"
compiling user/app_singlepageheap.c
linking hostfs_root/bin/app_singlepageheap ...
User app has been built into "hostfs_root/bin/app_singlepageheap"
compiling user/app_wait.c
linking hostfs_root/bin/app_wait ...
User app has been built into "hostfs_root/bin/app_wait"
compiling user/app_semaphore.c
linking hostfs_root/bin/app_semaphore ...
User app has been built into "hostfs_root/bin/app_semaphore"
compiling user/app_cow.c
linking hostfs_root/bin/app_cow ...
User app has been built into "hostfs_root/bin/app_cow"
compiling user/app_relativepath.c
linking hostfs_root/bin/app_relativepath ...
User app has been built into "hostfs_root/bin/app_relativepath"
compiling user/app_exec.c
linking hostfs_root/bin/app_exec ...
User app has been built into "hostfs_root/bin/app_exec"
compiling user/app_shell.c
linking hostfs_root/bin/app_shell ...
User app has been built into "hostfs_root/bin/app_shell"
compiling user/app_shellX.c
linking hostfs_root/bin/app_shellX ...
User app has been built into "hostfs_root/bin/app_shellX"
compiling user/app_ls.c
linking hostfs_root/bin/app_ls ...
User app has been built into "hostfs_root/bin/app_ls"
compiling user/app_mkdir.c
linking hostfs_root/bin/app_mkdir ...
User app has been built into "hostfs_root/bin/app_mkdir"
compiling user/app_touch.c
linking hostfs_root/bin/app_touch ...
User app has been built into "hostfs_root/bin/app_touch"
compiling user/app_cat.c
linking hostfs_root/bin/app_cat ...
User app has been built into "hostfs_root/bin/app_cat"
compiling user/app_grep.c
linking hostfs_root/bin/app_grep ...
User app has been built into "hostfs_root/bin/app_grep"
compiling user/app_echo.c
linking hostfs_root/bin/app_echo ...
User app has been built into "hostfs_root/bin/app_echo"
compiling user/app_stress.c
linking hostfs_root/bin/app_stress ...
User app has been built into "hostfs_root/bin/app_stress"
compiling user/app0.c
linking hostfs_root/bin/app0 ...
User app has been built into "hostfs_root/bin/app0"
compiling user/app1.c
linking hostfs_root/bin/app1 ...
User app has been built into "hostfs_root/bin/app1"
compiling user/app_alloc0.c
linking hostfs_root/bin/app_alloc0 ...
User app has been built into "hostfs_root/bin/app_alloc0"
compiling user/app_alloc1.c
linking hostfs_root/bin/app_alloc1 ...
User app has been built into "hostfs_root/bin/app_alloc1"
rm obj/user/app_cat.o obj/user/app_semaphore.o obj/user/app_shellX.o obj/user/app0.o obj/user/app_errorline.o obj/user/app_wait.o obj/user/app_sum_sequence.o obj/user/app_relativepath.o obj/user/app1.o obj/user/user_lib.o obj/user/app_grep.o obj/user/app_stress.o obj/user/app_alloc0.o obj/user/app_echo.o obj/user/app_ls.o obj/user/app_cow.o obj/user/app_singlepageheap.o obj/user/app_touch.o obj/user/app_shell.o obj/user/app_mkdir.o obj/user/app_print_backtrace.o obj/user/app_exec.o obj/user/app_alloc1.o
HTIF is available!
(Emulated) memory size: 2048 MB
In m_start, hartid:0
hartid = 0: Enter supervisor mode...
PKE kernel start 0x0000000080000000, PKE kernel end: 0x0000000080055000, PKE kernel size: 0x0000000000055000 .
free physical memory address: [0x0000000080055000, 0x0000000087ffffff] 
kernel memory manager is initializing ...
KERN_BASE 0x0000000080000000
physical address of _etext is: 0x000000008000d000
kernel page table is on 
RAMDISK0: base address of RAMDISK0 is: 0x0000000087f35000
RFS: format RAMDISK0 done!
hartid = 0: Switch to user mode...
in alloc_proc. user frame 0x0000000087f29000, user stack 0x000000007ffff000, user kstack 0x0000000087f28000 
FS: created a file management struct for a process.
in alloc_proc. build proc_file_management successfully.
hartid = 0: User application is loading.
Application: /bin/app_stress
CODE_SEGMENT added at mapped info offset:4
Application program entry point (virtual address): 0x00000000000101e8
going to insert process 0 to ready queue.
going to schedule process 0 to run.

======== stress test start ========
[stress] target_children=28 rounds=64 compute_spins=20000
[stress] child logs use slot ids; parent logs keep pid mapping.
User call fork.
will fork a child from parent 0.
in alloc_proc. user frame 0x0000000087f0d000, user stack 0x000000007ffff000, user kstack 0x0000000087f0c000 
FS: created a file management struct for a process.
in alloc_proc. build proc_file_management successfully.
do_fork map code segment of parent to child at va:0000000000010000.
going to insert process 1 to ready queue.
[stress] spawned slot=0 pid=1
User call fork.
will fork a child from parent 0.
in alloc_proc. user frame 0x0000000087f00000, user stack 0x000000007ffff000, user kstack 0x0000000087eff000 
FS: created a file management struct for a process.
in alloc_proc. build proc_file_management successfully.
do_fork map code segment of parent to child at va:0000000000010000.
going to insert process 2 to ready queue.
[stress] spawned slot=1 pid=2
User call fork.
will fork a child from parent 0.
in alloc_proc. user frame 0x0000000087ef3000, user stack 0x000000007ffff000, user kstack 0x0000000087ef2000 
FS: created a file management struct for a process.
in alloc_proc. build proc_file_management successfully.
do_fork map code segment of parent to child at va:0000000000010000.
going to insert process 3 to ready queue.
[stress] spawned slot=2 pid=3
User call fork.
will fork a child from parent 0.
in alloc_proc. user frame 0x0000000087ee6000, user stack 0x000000007ffff000, user kstack 0x0000000087ee5000 
FS: created a file management struct for a process.
in alloc_proc. build proc_file_management successfully.
do_fork map code segment of parent to child at va:0000000000010000.
going to insert process 4 to ready queue.
[stress] spawned slot=3 pid=4
User call fork.
will fork a child from parent 0.
in alloc_proc. user frame 0x0000000087ed9000, user stack 0x000000007ffff000, user kstack 0x0000000087ed8000 
FS: created a file management struct for a process.
in alloc_proc. build proc_file_management successfully.
do_fork map code segment of parent to child at va:0000000000010000.
going to insert process 5 to ready queue.
[stress] spawned slot=4 pid=5
User call fork.
will fork a child from parent 0.
in alloc_proc. user frame 0x0000000087ecc000, user stack 0x000000007ffff000, user kstack 0x0000000087ecb000 
FS: created a file management struct for a process.
in alloc_proc. build proc_file_management successfully.
do_fork map code segment of parent to child at va:0000000000010000.
going to insert process 6 to ready queue.
[stress] spawned slot=5 pid=6
User call fork.
will fork a child from parent 0.
in alloc_proc. user frame 0x0000000087ebf000, user stack 0x000000007ffff000, user kstack 0x0000000087ebe000 
FS: created a file management struct for a process.
in alloc_proc. build proc_file_management successfully.
do_fork map code segment of parent to child at va:0000000000010000.
going to insert process 7 to ready queue.
[stress] spawned slot=6 pid=7
User call fork.
will fork a child from parent 0.
in alloc_proc. user frame 0x0000000087eb2000, user stack 0x000000007ffff000, user kstack 0x0000000087eb1000 
FS: created a file management struct for a process.
in alloc_proc. build proc_file_management successfully.
do_fork map code segment of parent to child at va:0000000000010000.
going to insert process 8 to ready queue.
[stress] spawned slot=7 pid=8
User call fork.
will fork a child from parent 0.
in alloc_proc. user frame 0x0000000087ea5000, user stack 0x000000007ffff000, user kstack 0x0000000087ea4000 
FS: created a file management struct for a process.
in alloc_proc. build proc_file_management successfully.
do_fork map code segment of parent to child at va:0000000000010000.
going to insert process 9 to ready queue.
[stress] spawned slot=8 pid=9
User call fork.
will fork a child from parent 0.
in alloc_proc. user frame 0x0000000087e98000, user stack 0x000000007ffff000, user kstack 0x0000000087e97000 
FS: created a file management struct for a process.
in alloc_proc. build proc_file_management successfully.
do_fork map code segment of parent to child at va:0000000000010000.
going to insert process 10 to ready queue.
[stress] spawned slot=9 pid=10
User call fork.
will fork a child from parent 0.
in alloc_proc. user frame 0x0000000087e8b000, user stack 0x000000007ffff000, user kstack 0x0000000087e8a000 
FS: created a file management struct for a process.
in alloc_proc. build proc_file_management successfully.
do_fork map code segment of parent to child at va:0000000000010000.
going to insert process 11 to ready queue.
[stress] spawned slot=10 pid=11
User call fork.
will fork a child from parent 0.
in alloc_proc. user frame 0x0000000087e7e000, user stack 0x000000007ffff000, user kstack 0x0000000087e7d000 
FS: created a file management struct for a process.
in alloc_proc. build proc_file_management successfully.
do_fork map code segment of parent to child at va:0000000000010000.
going to insert process 12 to ready queue.
[stress] spawned slot=11 pid=12
User call fork.
will fork a child from parent 0.
in alloc_proc. user frame 0x0000000087e71000, user stack 0x000000007ffff000, user kstack 0x0000000087e70000 
FS: created a file management struct for a process.
in alloc_proc. build proc_file_management successfully.
do_fork map code segment of parent to child at va:0000000000010000.
going to insert process 13 to ready queue.
[stress] spawned slot=12 pid=13
User call fork.
will fork a child from parent 0.
in alloc_proc. user frame 0x0000000087e64000, user stack 0x000000007ffff000, user kstack 0x0000000087e63000 
FS: created a file management struct for a process.
in alloc_proc. build proc_file_management successfully.
do_fork map code segment of parent to child at va:0000000000010000.
going to insert process 14 to ready queue.
[stress] spawned slot=13 pid=14
User call fork.
will fork a child from parent 0.
in alloc_proc. user frame 0x0000000087e57000, user stack 0x000000007ffff000, user kstack 0x0000000087e56000 
FS: created a file management struct for a process.
in alloc_proc. build proc_file_management successfully.
do_fork map code segment of parent to child at va:0000000000010000.
going to insert process 15 to ready queue.
[stress] spawned slot=14 pid=15
User call fork.
will fork a child from parent 0.
in alloc_proc. user frame 0x0000000087e4a000, user stack 0x000000007ffff000, user kstack 0x0000000087e49000 
FS: created a file management struct for a process.
in alloc_proc. build proc_file_management successfully.
do_fork map code segment of parent to child at va:0000000000010000.
going to insert process 16 to ready queue.
[stress] spawned slot=15 pid=16
User call fork.
will fork a child from parent 0.
in alloc_proc. user frame 0x0000000087e3d000, user stack 0x000000007ffff000, user kstack 0x0000000087e3c000 
FS: created a file management struct for a process.
in alloc_proc. build proc_file_management successfully.
do_fork map code segment of parent to child at va:0000000000010000.
going to insert process 17 to ready queue.
[stress] spawned slot=16 pid=17
User call fork.
will fork a child from parent 0.
in alloc_proc. user frame 0x0000000087e30000, user stack 0x000000007ffff000, user kstack 0x0000000087e2f000 
FS: created a file management struct for a process.
in alloc_proc. build proc_file_management successfully.
do_fork map code segment of parent to child at va:0000000000010000.
going to insert process 18 to ready queue.
[stress] spawned slot=17 pid=18
User call fork.
will fork a child from parent 0.
in alloc_proc. user frame 0x0000000087e23000, user stack 0x000000007ffff000, user kstack 0x0000000087e22000 
FS: created a file management struct for a process.
in alloc_proc. build proc_file_management successfully.
do_fork map code segment of parent to child at va:0000000000010000.
going to insert process 19 to ready queue.
[stress] spawned slot=18 pid=19
User call fork.
will fork a child from parent 0.
in alloc_proc. user frame 0x0000000087e16000, user stack 0x000000007ffff000, user kstack 0x0000000087e15000 
FS: created a file management struct for a process.
in alloc_proc. build proc_file_management successfully.
do_fork map code segment of parent to child at va:0000000000010000.
going to insert process 20 to ready queue.
[stress] spawned slot=19 pid=20
User call fork.
will fork a child from parent 0.
in alloc_proc. user frame 0x0000000087e09000, user stack 0x000000007ffff000, user kstack 0x0000000087e08000 
FS: created a file management struct for a process.
in alloc_proc. build proc_file_management successfully.
do_fork map code segment of parent to child at va:0000000000010000.
going to insert process 21 to ready queue.
[stress] spawned slot=20 pid=21
User call fork.
will fork a child from parent 0.
in alloc_proc. user frame 0x0000000087dfc000, user stack 0x000000007ffff000, user kstack 0x0000000087dfb000 
FS: created a file management struct for a process.
in alloc_proc. build proc_file_management successfully.
do_fork map code segment of parent to child at va:0000000000010000.
going to insert process 22 to ready queue.
[stress] spawned slot=21 pid=22
User call fork.
will fork a child from parent 0.
in alloc_proc. user frame 0x0000000087def000, user stack 0x000000007ffff000, user kstack 0x0000000087dee000 
FS: created a file management struct for a process.
in alloc_proc. build proc_file_management successfully.
do_fork map code segment of parent to child at va:0000000000010000.
going to insert process 23 to ready queue.
[stress] spawned slot=22 pid=23
User call fork.
will fork a child from parent 0.
in alloc_proc. user frame 0x0000000087de2000, user stack 0x000000007ffff000, user kstack 0x0000000087de1000 
FS: created a file management struct for a process.
in alloc_proc. build proc_file_management successfully.
do_fork map code segment of parent to child at va:0000000000010000.
going to insert process 24 to ready queue.
[stress] spawned slot=23 pid=24
User call fork.
will fork a child from parent 0.
in alloc_proc. user frame 0x0000000087dd5000, user stack 0x000000007ffff000, user kstack 0x0000000087dd4000 
FS: created a file management struct for a process.
in alloc_proc. build proc_file_management successfully.
do_fork map code segment of parent to child at va:0000000000010000.
going to insert process 25 to ready queue.
[stress] spawned slot=24 pid=25
User call fork.
will fork a child from parent 0.
in alloc_proc. user frame 0x0000000087dc8000, user stack 0x000000007ffff000, user kstack 0x0000000087dc7000 
FS: created a file management struct for a process.
in alloc_proc. build proc_file_management successfully.
do_fork map code segment of parent to child at va:0000000000010000.
going to insert process 26 to ready queue.
[stress] spawned slot=25 pid=26
User call fork.
will fork a child from parent 0.
in alloc_proc. user frame 0x0000000087dbb000, user stack 0x000000007ffff000, user kstack 0x0000000087dba000 
FS: created a file management struct for a process.
in alloc_proc. build proc_file_management successfully.
do_fork map code segment of parent to child at va:0000000000010000.
going to insert process 27 to ready queue.
[stress] spawned slot=26 pid=27
User call fork.
will fork a child from parent 0.
in alloc_proc. user frame 0x0000000087dae000, user stack 0x000000007ffff000, user kstack 0x0000000087dad000 
FS: created a file management struct for a process.
in alloc_proc. build proc_file_management successfully.
do_fork map code segment of parent to child at va:0000000000010000.
going to insert process 28 to ready queue.
[stress] spawned slot=27 pid=28
[stress] parent waiting for 28 children...
going to insert process 0 to ready queue.
going to schedule process 1 to run.
[stress] slot=0 round=0 acc=0000000000065bce ABCD
going to insert process 1 to ready queue.
going to schedule process 2 to run.
[stress] slot=1 round=0 acc=00000000000939ad BCDE
going to insert process 2 to ready queue.
going to schedule process 3 to run.
[stress] slot=2 round=0 acc=00000000000d3dd0 CDEF
going to insert process 3 to ready queue.
going to schedule process 4 to run.
[stress] slot=3 round=0 acc=00000000000d5d10 DEFG
going to insert process 4 to ready queue.
going to schedule process 5 to run.
[stress] slot=4 round=0 acc=000000000008fe39 EFGH
going to insert process 5 to ready queue.
going to schedule process 6 to run.
[stress] slot=5 round=0 acc=000000000004afae FGHI
going to insert process 6 to ready queue.
going to schedule process 7 to run.
[stress] slot=6 round=0 acc=00000000000555cb GHIJ
going to insert process 7 to ready queue.
going to schedule process 8 to run.
[stress] slot=7 round=0 acc=0000000000099587 HIJK
going to insert process 8 to ready queue.
going to schedule process 9 to run.
[stress] slot=8 round=0 acc=00000000000d6670 IJKL
going to insert process 9 to ready queue.
going to schedule process 10 to run.
[stress] slot=9 round=0 acc=0000000000034df9 JKLM
going to insert process 10 to ready queue.
going to schedule process 11 to run.
[stress] slot=10 round=0 acc=000000000004af09 KLMN
going to insert process 11 to ready queue.
going to schedule process 12 to run.
[stress] slot=11 round=0 acc=000000000002a114 LMNO
going to insert process 12 to ready queue.
going to schedule process 13 to run.
[stress] slot=12 round=0 acc=0000000000093541 MNOP
going to insert process 13 to ready queue.
going to schedule process 14 to run.
[stress] slot=13 round=0 acc=0000000000091ada NOPQ
going to insert process 14 to ready queue.
going to schedule process 15 to run.
[stress] slot=14 round=0 acc=00000000000d7cfc OPQR
going to insert process 15 to ready queue.
going to schedule process 16 to run.
[stress] slot=15 round=0 acc=000000000003db16 PQRS
going to insert process 16 to ready queue.
going to schedule process 17 to run.
[stress] slot=16 round=0 acc=000000000008e5cf QRST
going to insert process 17 to ready queue.
going to schedule process 18 to run.
[stress] slot=17 round=0 acc=00000000000fdaa7 RSTU
going to insert process 18 to ready queue.
going to schedule process 19 to run.
[stress] slot=18 round=0 acc=000000000008651f STUV
going to insert process 19 to ready queue.
going to schedule process 20 to run.
[stress] slot=19 round=0 acc=00000000000f4c41 TUVW
going to insert process 20 to ready queue.
going to schedule process 21 to run.
[stress] slot=20 round=0 acc=00000000000cc569 UVWX
going to insert process 21 to ready queue.
going to schedule process 22 to run.
[stress] slot=21 round=0 acc=0000000000010d75 VWXY
going to insert process 22 to ready queue.
going to schedule process 23 to run.
[stress] slot=22 round=0 acc=000000000006666c WXYZ
going to insert process 23 to ready queue.
going to schedule process 24 to run.
[stress] slot=23 round=0 acc=00000000000424fe XYZA
going to insert process 24 to ready queue.
going to schedule process 25 to run.
[stress] slot=24 round=0 acc=0000000000075579 YZAB
going to insert process 25 to ready queue.
going to schedule process 26 to run.
[stress] slot=25 round=0 acc=00000000000610e4 ZABC
going to insert process 26 to ready queue.
going to schedule process 27 to run.
[stress] slot=26 round=0 acc=0000000000059888 ABCD
going to insert process 27 to ready queue.
going to schedule process 28 to run.
[stress] slot=27 round=0 acc=00000000000cf404 BCDE
going to insert process 28 to ready queue.
going to schedule process 0 to run.
going to insert process 0 to ready queue.
going to schedule process 1 to run.
[stress] slot=0 round=1 acc=00000000000b30db BCDE
going to insert process 1 to ready queue.
going to schedule process 2 to run.
[stress] slot=1 round=1 acc=0000000000042015 CDEF
going to insert process 2 to ready queue.
going to schedule process 3 to run.
[stress] slot=2 round=1 acc=00000000000e8db6 DEFG
going to insert process 3 to ready queue.
going to schedule process 4 to run.
[stress] slot=3 round=1 acc=000000000008e49d EFGH
going to insert process 4 to ready queue.
going to schedule process 5 to run.
[stress] slot=4 round=1 acc=000000000009b1bc FGHI
going to insert process 5 to ready queue.
going to schedule process 6 to run.
[stress] slot=5 round=1 acc=0000000000086123 GHIJ
going to insert process 6 to ready queue.
going to schedule process 7 to run.
[stress] slot=6 round=1 acc=0000000000080ab9 HIJK
going to insert process 7 to ready queue.
going to schedule process 8 to run.
[stress] slot=7 round=1 acc=00000000000a2e0a IJKL
going to insert process 8 to ready queue.
going to schedule process 9 to run.
[stress] slot=8 round=1 acc=00000000000af31c JKLM
going to insert process 9 to ready queue.
going to schedule process 10 to run.
[stress] slot=9 round=1 acc=00000000000440bf KLMN
going to insert process 10 to ready queue.
going to schedule process 11 to run.
[stress] slot=10 round=1 acc=00000000000a30c1 LMNO
going to insert process 11 to ready queue.
going to schedule process 12 to run.
[stress] slot=11 round=1 acc=00000000000aac87 MNOP
going to insert process 12 to ready queue.
going to schedule process 13 to run.
[stress] slot=12 round=1 acc=000000000009f40a NOPQ
going to insert process 13 to ready queue.
going to schedule process 14 to run.
[stress] slot=13 round=1 acc=0000000000020236 OPQR
going to insert process 14 to ready queue.
going to schedule process 15 to run.
[stress] slot=14 round=1 acc=000000000003b4e2 PQRS
going to insert process 15 to ready queue.
going to schedule process 16 to run.
[stress] slot=15 round=1 acc=00000000000027b3 QRST
going to insert process 16 to ready queue.
going to schedule process 17 to run.
[stress] slot=16 round=1 acc=0000000000017759 RSTU
going to insert process 17 to ready queue.
going to schedule process 18 to run.
[stress] slot=17 round=1 acc=000000000002c951 STUV
going to insert process 18 to ready queue.
going to schedule process 19 to run.
[stress] slot=18 round=1 acc=000000000004edfe TUVW
going to insert process 19 to ready queue.
going to schedule process 20 to run.
[stress] slot=19 round=1 acc=00000000000ef2bb UVWX
going to insert process 20 to ready queue.
going to schedule process 21 to run.
[stress] slot=20 round=1 acc=00000000000780f5 VWXY
going to insert process 21 to ready queue.
going to schedule process 22 to run.
[stress] slot=21 round=1 acc=00000000000f3631 WXYZ
going to insert process 22 to ready queue.
going to schedule process 23 to run.
[stress] slot=22 round=1 acc=000000000005fb23 XYZA
going to insert process 23 to ready queue.
going to schedule process 24 to run.
[stress] slot=23 round=1 acc=00000000000cf853 YZAB
going to insert process 24 to ready queue.
going to schedule process 25 to run.
[stress] slot=24 round=1 acc=000000000008201b ZABC
going to insert process 25 to ready queue.
going to schedule process 26 to run.
[stress] slot=25 round=1 acc=000000000009d5f6 ABCD
going to insert process 26 to ready queue.
going to schedule process 27 to run.
[stress] slot=26 round=1 acc=00000000000e76d8 BCDE
going to insert process 27 to ready queue.
going to schedule process 28 to run.
[stress] slot=27 round=1 acc=00000000000efef3 CDEF
going to insert process 28 to ready queue.
going to schedule process 0 to run.
going to insert process 0 to ready queue.
going to schedule process 1 to run.
[stress] slot=0 round=2 acc=0000000000071198 CDEF
going to insert process 1 to ready queue.
going to schedule process 2 to run.
[stress] slot=1 round=2 acc=000000000007f312 DEFG
going to insert process 2 to ready queue.
going to schedule process 3 to run.
[stress] slot=2 round=2 acc=00000000000eb561 EFGH
going to insert process 3 to ready queue.
going to schedule process 4 to run.
[stress] slot=3 round=2 acc=000000000002737c FGHI
going to insert process 4 to ready queue.
going to schedule process 5 to run.
[stress] slot=4 round=2 acc=00000000000183f9 GHIJ
going to insert process 5 to ready queue.
going to schedule process 6 to run.
[stress] slot=5 round=2 acc=00000000000f950b HIJK
going to insert process 6 to ready queue.
going to schedule process 7 to run.
[stress] slot=6 round=2 acc=0000000000057d37 IJKL
going to insert process 7 to ready queue.
going to schedule process 8 to run.
[stress] slot=7 round=2 acc=00000000000c26a3 JKLM
going to insert process 8 to ready queue.
going to schedule process 9 to run.
[stress] slot=8 round=2 acc=000000000009d790 KLMN
going to insert process 9 to ready queue.
going to schedule process 10 to run.
[stress] slot=9 round=2 acc=00000000000474e2 LMNO
going to insert process 10 to ready queue.
going to schedule process 11 to run.
[stress] slot=10 round=2 acc=00000000000f9876 MNOP
going to insert process 11 to ready queue.
going to schedule process 12 to run.
[stress] slot=11 round=2 acc=00000000000fbc04 NOPQ
going to insert process 12 to ready queue.
going to schedule process 13 to run.
[stress] slot=12 round=2 acc=000000000006fc1a OPQR
going to insert process 13 to ready queue.
going to schedule process 14 to run.
[stress] slot=13 round=2 acc=000000000009ac9e PQRS
going to insert process 14 to ready queue.
going to schedule process 15 to run.
[stress] slot=14 round=2 acc=00000000000911f6 QRST
going to insert process 15 to ready queue.
going to schedule process 16 to run.
[stress] slot=15 round=2 acc=00000000000110d6 RSTU
going to insert process 16 to ready queue.
going to schedule process 17 to run.
[stress] slot=16 round=2 acc=000000000003d155 STUV
going to insert process 17 to ready queue.
going to schedule process 18 to run.
[stress] slot=17 round=2 acc=000000000000836a TUVW
going to insert process 18 to ready queue.
going to schedule process 19 to run.
[stress] slot=18 round=2 acc=00000000000017cc UVWX
going to insert process 19 to ready queue.
going to schedule process 20 to run.
[stress] slot=19 round=2 acc=0000000000027e81 VWXY
going to insert process 20 to ready queue.
going to schedule process 21 to run.
[stress] slot=20 round=2 acc=000000000000261d WXYZ
going to insert process 21 to ready queue.
going to schedule process 22 to run.
[stress] slot=21 round=2 acc=00000000000fe53d XYZA
going to insert process 22 to ready queue.
going to schedule process 23 to run.
[stress] slot=22 round=2 acc=00000000000de87c YZAB
going to insert process 23 to ready queue.
going to schedule process 24 to run.
[stress] slot=23 round=2 acc=00000000000c0b3f ZABC
going to insert process 24 to ready queue.
going to schedule process 25 to run.
[stress] slot=24 round=2 acc=000000000004150e ABCD
going to insert process 25 to ready queue.
going to schedule process 26 to run.
[stress] slot=25 round=2 acc=000000000002d3d4 BCDE
going to insert process 26 to ready queue.
going to schedule process 27 to run.
[stress] slot=26 round=2 acc=000000000008c60d CDEF
going to insert process 27 to ready queue.
going to schedule process 28 to run.
[stress] slot=27 round=2 acc=0000000000042a40 DEFG
going to insert process 28 to ready queue.
going to schedule process 0 to run.
going to insert process 0 to ready queue.
going to schedule process 1 to run.
[stress] slot=0 round=3 acc=00000000000506aa DEFG
going to insert process 1 to ready queue.
going to schedule process 2 to run.
[stress] slot=1 round=3 acc=00000000000da64c EFGH
going to insert process 2 to ready queue.
going to schedule process 3 to run.
[stress] slot=2 round=3 acc=00000000000e4310 FGHI
going to insert process 3 to ready queue.
going to schedule process 4 to run.
[stress] slot=3 round=3 acc=00000000000d93e1 GHIJ
going to insert process 4 to ready queue.
going to schedule process 5 to run.
[stress] slot=4 round=3 acc=000000000008d603 HIJK
going to insert process 5 to ready queue.
going to schedule process 6 to run.
[stress] slot=5 round=3 acc=00000000000f71a3 IJKL
going to insert process 6 to ready queue.
going to schedule process 7 to run.
[stress] slot=6 round=3 acc=000000000001b6f2 JKLM
going to insert process 7 to ready queue.
going to schedule process 8 to run.
[stress] slot=7 round=3 acc=00000000000541e9 KLMN
going to insert process 8 to ready queue.
going to schedule process 9 to run.
[stress] slot=8 round=3 acc=0000000000039145 LMNO
going to insert process 9 to ready queue.
going to schedule process 10 to run.
[stress] slot=9 round=3 acc=00000000000b8db2 MNOP
going to insert process 10 to ready queue.
going to schedule process 11 to run.
[stress] slot=10 round=3 acc=00000000000a7f01 NOPQ
going to insert process 11 to ready queue.
going to schedule process 12 to run.
[stress] slot=11 round=3 acc=0000000000004383 OPQR
going to insert process 12 to ready queue.
going to schedule process 13 to run.
[stress] slot=12 round=3 acc=00000000000fe7a5 PQRS
going to insert process 13 to ready queue.
going to schedule process 14 to run.
[stress] slot=13 round=3 acc=00000000000dff2e QRST
going to insert process 14 to ready queue.
going to schedule process 15 to run.
[stress] slot=14 round=3 acc=00000000000c2f56 RSTU
going to insert process 15 to ready queue.
going to schedule process 16 to run.
[stress] slot=15 round=3 acc=00000000000dfbc2 STUV
going to insert process 16 to ready queue.
going to schedule process 17 to run.
[stress] slot=16 round=3 acc=00000000000f811a TUVW
going to insert process 17 to ready queue.
going to schedule process 18 to run.
[stress] slot=17 round=3 acc=000000000007dc20 UVWX
going to insert process 18 to ready queue.
going to schedule process 19 to run.
[stress] slot=18 round=3 acc=000000000009ac4a VWXY
going to insert process 19 to ready queue.
going to schedule process 20 to run.
[stress] slot=19 round=3 acc=00000000000ce70c WXYZ
going to insert process 20 to ready queue.
going to schedule process 21 to run.
[stress] slot=20 round=3 acc=00000000000643ce XYZA
going to insert process 21 to ready queue.
going to schedule process 22 to run.
[stress] slot=21 round=3 acc=00000000000f36b0 YZAB
going to insert process 22 to ready queue.
going to schedule process 23 to run.
[stress] slot=22 round=3 acc=00000000000bfa78 ZABC
going to insert process 23 to ready queue.
going to schedule process 24 to run.
[stress] slot=23 round=3 acc=0000000000056d91 ABCD
going to insert process 24 to ready queue.
going to schedule process 25 to run.
[stress] slot=24 round=3 acc=000000000000256f BCDE
going to insert process 25 to ready queue.
going to schedule process 26 to run.
[stress] slot=25 round=3 acc=0000000000093b12 CDEF
going to insert process 26 to ready queue.
going to schedule process 27 to run.
[stress] slot=26 round=3 acc=0000000000067047 DEFG
going to insert process 27 to ready queue.
going to schedule process 28 to run.
[stress] slot=27 round=3 acc=00000000000bd6a2 EFGH
going to insert process 28 to ready queue.
going to schedule process 0 to run.
going to insert process 0 to ready queue.
going to schedule process 1 to run.
[stress] slot=0 round=4 acc=00000000000e0c74 EFGH
going to insert process 1 to ready queue.
going to schedule process 2 to run.
[stress] slot=1 round=4 acc=00000000000fa5c8 FGHI
going to insert process 2 to ready queue.
going to schedule process 3 to run.
[stress] slot=2 round=4 acc=000000000007bdb4 GHIJ
going to insert process 3 to ready queue.
going to schedule process 4 to run.
[stress] slot=3 round=4 acc=000000000001a8ef HIJK
going to insert process 4 to ready queue.
going to schedule process 5 to run.
[stress] slot=4 round=4 acc=0000000000044edc IJKL
going to insert process 5 to ready queue.
going to schedule process 6 to run.
[stress] slot=5 round=4 acc=00000000000986ff JKLM
going to insert process 6 to ready queue.
going to schedule process 7 to run.
[stress] slot=6 round=4 acc=00000000000a52b6 KLMN
going to insert process 7 to ready queue.
going to schedule process 8 to run.
[stress] slot=7 round=4 acc=0000000000037bae LMNO
going to insert process 8 to ready queue.
going to schedule process 9 to run.
[stress] slot=8 round=4 acc=00000000000bd42d MNOP
going to insert process 9 to ready queue.
going to schedule process 10 to run.
[stress] slot=9 round=4 acc=0000000000007a2c NOPQ
going to insert process 10 to ready queue.
going to schedule process 11 to run.
[stress] slot=10 round=4 acc=0000000000071640 OPQR
going to insert process 11 to ready queue.
going to schedule process 12 to run.
[stress] slot=11 round=4 acc=000000000009c3b1 PQRS
going to insert process 12 to ready queue.
going to schedule process 13 to run.
[stress] slot=12 round=4 acc=0000000000020a08 QRST
going to insert process 13 to ready queue.
going to schedule process 14 to run.
[stress] slot=13 round=4 acc=0000000000075674 RSTU
going to insert process 14 to ready queue.
going to schedule process 15 to run.
[stress] slot=14 round=4 acc=000000000005cbac STUV
going to insert process 15 to ready queue.
going to schedule process 16 to run.
[stress] slot=15 round=4 acc=0000000000045e5d TUVW
going to insert process 16 to ready queue.
going to schedule process 17 to run.
[stress] slot=16 round=4 acc=000000000008fdfb UVWX
going to insert process 17 to ready queue.
going to schedule process 18 to run.
[stress] slot=17 round=4 acc=00000000000ed6fd VWXY
going to insert process 18 to ready queue.
going to schedule process 19 to run.
[stress] slot=18 round=4 acc=000000000000b658 WXYZ
going to insert process 19 to ready queue.
going to schedule process 20 to run.
[stress] slot=19 round=4 acc=0000000000032db3 XYZA
going to insert process 20 to ready queue.
going to schedule process 21 to run.
[stress] slot=20 round=4 acc=00000000000e055c YZAB
going to insert process 21 to ready queue.
going to schedule process 22 to run.
[stress] slot=21 round=4 acc=000000000003c3c1 ZABC
going to insert process 22 to ready queue.
going to schedule process 23 to run.
[stress] slot=22 round=4 acc=000000000001b196 ABCD
going to insert process 23 to ready queue.
going to schedule process 24 to run.
[stress] slot=23 round=4 acc=00000000000867dc BCDE
going to insert process 24 to ready queue.
going to schedule process 25 to run.
[stress] slot=24 round=4 acc=00000000000631e5 CDEF
going to insert process 25 to ready queue.
going to schedule process 26 to run.
[stress] slot=25 round=4 acc=00000000000a3922 DEFG
going to insert process 26 to ready queue.
going to schedule process 27 to run.
[stress] slot=26 round=4 acc=00000000000f5b5e EFGH
going to insert process 27 to ready queue.
going to schedule process 28 to run.
[stress] slot=27 round=4 acc=00000000000d4c4c FGHI
going to insert process 28 to ready queue.
going to schedule process 0 to run.
going to insert process 0 to ready queue.
going to schedule process 1 to run.
[stress] slot=0 round=5 acc=000000000008d297 FGHI
going to insert process 1 to ready queue.
going to schedule process 2 to run.
[stress] slot=1 round=5 acc=00000000000bd1b1 GHIJ
going to insert process 2 to ready queue.
going to schedule process 3 to run.
[stress] slot=2 round=5 acc=00000000000c2879 HIJK
going to insert process 3 to ready queue.
going to schedule process 4 to run.
[stress] slot=3 round=5 acc=0000000000045500 IJKL
going to insert process 4 to ready queue.
going to schedule process 5 to run.
[stress] slot=4 round=5 acc=00000000000ec399 JKLM
going to insert process 5 to ready queue.
going to schedule process 6 to run.
[stress] slot=5 round=5 acc=000000000002d15f KLMN
going to insert process 6 to ready queue.
going to schedule process 7 to run.
[stress] slot=6 round=5 acc=0000000000045311 LMNO
going to insert process 7 to ready queue.
going to schedule process 8 to run.
[stress] slot=7 round=5 acc=00000000000d9310 MNOP
going to insert process 8 to ready queue.
going to schedule process 9 to run.
[stress] slot=8 round=5 acc=00000000000c94af NOPQ
going to insert process 9 to ready queue.
going to schedule process 10 to run.
Ticks 0
[stress] slot=9 round=5 acc=000000000000ba28 OPQR
going to insert process 10 to ready queue.
going to schedule process 11 to run.
[stress] slot=10 round=5 acc=000000000009077c PQRS
going to insert process 11 to ready queue.
going to schedule process 12 to run.
[stress] slot=11 round=5 acc=000000000004e942 QRST
going to insert process 12 to ready queue.
going to schedule process 13 to run.
[stress] slot=12 round=5 acc=00000000000d99c9 RSTU
going to insert process 13 to ready queue.
going to schedule process 14 to run.
[stress] slot=13 round=5 acc=0000000000074e13 STUV
going to insert process 14 to ready queue.
going to schedule process 15 to run.
[stress] slot=14 round=5 acc=000000000001ca0d TUVW
going to insert process 15 to ready queue.
going to schedule process 16 to run.
[stress] slot=15 round=5 acc=00000000000bb786 UVWX
going to insert process 16 to ready queue.
going to schedule process 17 to run.
[stress] slot=16 round=5 acc=00000000000f0e49 VWXY
going to insert process 17 to ready queue.
going to schedule process 18 to run.
[stress] slot=17 round=5 acc=000000000008e0c0 WXYZ
going to insert process 18 to ready queue.
going to schedule process 19 to run.
[stress] slot=18 round=5 acc=0000000000097759 XYZA
going to insert process 19 to ready queue.
going to schedule process 20 to run.
[stress] slot=19 round=5 acc=000000000003176a YZAB
going to insert process 20 to ready queue.
going to schedule process 21 to run.
[stress] slot=20 round=5 acc=000000000004cb99 ZABC
going to insert process 21 to ready queue.
going to schedule process 22 to run.
[stress] slot=21 round=5 acc=00000000000328c2 ABCD
going to insert process 22 to ready queue.
going to schedule process 23 to run.
[stress] slot=22 round=5 acc=0000000000065f7c BCDE
going to insert process 23 to ready queue.
going to schedule process 24 to run.
[stress] slot=23 round=5 acc=00000000000926e1 CDEF
going to insert process 24 to ready queue.
going to schedule process 25 to run.
[stress] slot=24 round=5 acc=000000000002cdf5 DEFG
going to insert process 25 to ready queue.
going to schedule process 26 to run.
[stress] slot=25 round=5 acc=00000000000bf607 EFGH
going to insert process 26 to ready queue.
going to schedule process 27 to run.
[stress] slot=26 round=5 acc=0000000000044e90 FGHI
going to insert process 27 to ready queue.
going to schedule process 28 to run.
[stress] slot=27 round=5 acc=000000000001c859 GHIJ
going to insert process 28 to ready queue.
going to schedule process 0 to run.
going to insert process 0 to ready queue.
going to schedule process 1 to run.
[stress] slot=0 round=6 acc=000000000003c4b3 GHIJ
going to insert process 1 to ready queue.
going to schedule process 2 to run.
[stress] slot=1 round=6 acc=00000000000fb936 HIJK
going to insert process 2 to ready queue.
going to schedule process 3 to run.
[stress] slot=2 round=6 acc=000000000006cb11 IJKL
going to insert process 3 to ready queue.
going to schedule process 4 to run.
[stress] slot=3 round=6 acc=000000000003c7a8 JKLM
going to insert process 4 to ready queue.
going to schedule process 5 to run.
[stress] slot=4 round=6 acc=0000000000040d8c KLMN
going to insert process 5 to ready queue.
going to schedule process 6 to run.
[stress] slot=5 round=6 acc=0000000000016bae LMNO
going to insert process 6 to ready queue.
going to schedule process 7 to run.
[stress] slot=6 round=6 acc=00000000000334fb MNOP
going to insert process 7 to ready queue.
going to schedule process 8 to run.
[stress] slot=7 round=6 acc=000000000002e521 NOPQ
going to insert process 8 to ready queue.
going to schedule process 9 to run.
[stress] slot=8 round=6 acc=00000000000bdea2 OPQR
going to insert process 9 to ready queue.
going to schedule process 10 to run.
[stress] slot=9 round=6 acc=0000000000083efa PQRS
going to insert process 10 to ready queue.
going to schedule process 11 to run.
[stress] slot=10 round=6 acc=0000000000096024 QRST
going to insert process 11 to ready queue.
going to schedule process 12 to run.
[stress] slot=11 round=6 acc=000000000006d111 RSTU
going to insert process 12 to ready queue.
going to schedule process 13 to run.
[stress] slot=12 round=6 acc=0000000000070f09 STUV
going to insert process 13 to ready queue.
going to schedule process 14 to run.
[stress] slot=13 round=6 acc=00000000000f39a8 TUVW
going to insert process 14 to ready queue.
going to schedule process 15 to run.
[stress] slot=14 round=6 acc=000000000009ad87 UVWX
going to insert process 15 to ready queue.
going to schedule process 16 to run.
[stress] slot=15 round=6 acc=00000000000b91ce VWXY
going to insert process 16 to ready queue.
going to schedule process 17 to run.
[stress] slot=16 round=6 acc=00000000000dc7d9 WXYZ
going to insert process 17 to ready queue.
going to schedule process 18 to run.
[stress] slot=17 round=6 acc=00000000000e8a25 XYZA
going to insert process 18 to ready queue.
going to schedule process 19 to run.
[stress] slot=18 round=6 acc=000000000005ae6e YZAB
going to insert process 19 to ready queue.
going to schedule process 20 to run.
[stress] slot=19 round=6 acc=00000000000dfc0d ZABC
going to insert process 20 to ready queue.
going to schedule process 21 to run.
[stress] slot=20 round=6 acc=0000000000020be4 ABCD
going to insert process 21 to ready queue.
going to schedule process 22 to run.
[stress] slot=21 round=6 acc=00000000000b7916 BCDE
going to insert process 22 to ready queue.
going to schedule process 23 to run.
[stress] slot=22 round=6 acc=0000000000063887 CDEF
going to insert process 23 to ready queue.
going to schedule process 24 to run.
[stress] slot=23 round=6 acc=0000000000076f52 DEFG
going to insert process 24 to ready queue.
going to schedule process 25 to run.
[stress] slot=24 round=6 acc=00000000000b83c1 EFGH
going to insert process 25 to ready queue.
going to schedule process 26 to run.
[stress] slot=25 round=6 acc=00000000000f51cd FGHI
going to insert process 26 to ready queue.
going to schedule process 27 to run.
[stress] slot=26 round=6 acc=00000000000054a2 GHIJ
going to insert process 27 to ready queue.
going to schedule process 28 to run.
[stress] slot=27 round=6 acc=000000000001c92c HIJK
going to insert process 28 to ready queue.
going to schedule process 0 to run.
going to insert process 0 to ready queue.
going to schedule process 1 to run.
[stress] slot=0 round=7 acc=000000000001dd63 HIJK
going to insert process 1 to ready queue.
going to schedule process 2 to run.
[stress] slot=1 round=7 acc=00000000000de6f2 IJKL
going to insert process 2 to ready queue.
going to schedule process 3 to run.
[stress] slot=2 round=7 acc=00000000000757e3 JKLM
going to insert process 3 to ready queue.
going to schedule process 4 to run.
[stress] slot=3 round=7 acc=00000000000aa6ff KLMN
going to insert process 4 to ready queue.
going to schedule process 5 to run.
[stress] slot=4 round=7 acc=00000000000dac5f LMNO
going to insert process 5 to ready queue.
going to schedule process 6 to run.
[stress] slot=5 round=7 acc=00000000000e9ece MNOP
going to insert process 6 to ready queue.
going to schedule process 7 to run.
[stress] slot=6 round=7 acc=000000000005fe48 NOPQ
going to insert process 7 to ready queue.
going to schedule process 8 to run.
[stress] slot=7 round=7 acc=000000000006b6db OPQR
going to insert process 8 to ready queue.
going to schedule process 9 to run.
[stress] slot=8 round=7 acc=0000000000075f1c PQRS
going to insert process 9 to ready queue.
going to schedule process 10 to run.
[stress] slot=9 round=7 acc=00000000000673fa QRST
going to insert process 10 to ready queue.
going to schedule process 11 to run.
[stress] slot=10 round=7 acc=0000000000046ac2 RSTU
going to insert process 11 to ready queue.
going to schedule process 12 to run.
[stress] slot=11 round=7 acc=000000000007b8bb STUV
going to insert process 12 to ready queue.
going to schedule process 13 to run.
[stress] slot=12 round=7 acc=00000000000d78c9 TUVW
going to insert process 13 to ready queue.
going to schedule process 14 to run.
[stress] slot=13 round=7 acc=00000000000ce581 UVWX
going to insert process 14 to ready queue.
going to schedule process 15 to run.
[stress] slot=14 round=7 acc=00000000000d7418 VWXY
going to insert process 15 to ready queue.
going to schedule process 16 to run.
[stress] slot=15 round=7 acc=00000000000eac5e WXYZ
going to insert process 16 to ready queue.
going to schedule process 17 to run.
[stress] slot=16 round=7 acc=0000000000055658 XYZA
going to insert process 17 to ready queue.
going to schedule process 18 to run.
[stress] slot=17 round=7 acc=00000000000edf0b YZAB
going to insert process 18 to ready queue.
going to schedule process 19 to run.
[stress] slot=18 round=7 acc=0000000000073995 ZABC
going to insert process 19 to ready queue.
going to schedule process 20 to run.
[stress] slot=19 round=7 acc=000000000008e7f4 ABCD
going to insert process 20 to ready queue.
going to schedule process 21 to run.
[stress] slot=20 round=7 acc=00000000000d7493 BCDE
going to insert process 21 to ready queue.
going to schedule process 22 to run.
[stress] slot=21 round=7 acc=000000000009b38b CDEF
going to insert process 22 to ready queue.
going to schedule process 23 to run.
[stress] slot=22 round=7 acc=0000000000090c04 DEFG
going to insert process 23 to ready queue.
going to schedule process 24 to run.
[stress] slot=23 round=7 acc=00000000000f17be EFGH
going to insert process 24 to ready queue.
going to schedule process 25 to run.
[stress] slot=24 round=7 acc=000000000004bf40 FGHI
going to insert process 25 to ready queue.
going to schedule process 26 to run.
[stress] slot=25 round=7 acc=00000000000c350c GHIJ
going to insert process 26 to ready queue.
going to schedule process 27 to run.
[stress] slot=26 round=7 acc=00000000000743c7 HIJK
going to insert process 27 to ready queue.
going to schedule process 28 to run.
[stress] slot=27 round=7 acc=0000000000064ee1 IJKL
going to insert process 28 to ready queue.
going to schedule process 0 to run.
going to insert process 0 to ready queue.
going to schedule process 1 to run.
[stress] slot=0 round=8 acc=000000000001382c IJKL
going to insert process 1 to ready queue.
going to schedule process 2 to run.
[stress] slot=1 round=8 acc=000000000006419e JKLM
going to insert process 2 to ready queue.
going to schedule process 3 to run.
[stress] slot=2 round=8 acc=0000000000088de7 KLMN
going to insert process 3 to ready queue.
going to schedule process 4 to run.
[stress] slot=3 round=8 acc=000000000006e506 LMNO
going to insert process 4 to ready queue.
going to schedule process 5 to run.
[stress] slot=4 round=8 acc=000000000005461c MNOP
going to insert process 5 to ready queue.
going to schedule process 6 to run.
[stress] slot=5 round=8 acc=00000000000d0abd NOPQ
going to insert process 6 to ready queue.
going to schedule process 7 to run.
[stress] slot=6 round=8 acc=00000000000b51f1 OPQR
going to insert process 7 to ready queue.
going to schedule process 8 to run.
[stress] slot=7 round=8 acc=000000000001a569 PQRS
going to insert process 8 to ready queue.
going to schedule process 9 to run.
[stress] slot=8 round=8 acc=00000000000ca916 QRST
going to insert process 9 to ready queue.
going to schedule process 10 to run.
[stress] slot=9 round=8 acc=0000000000007c2d RSTU
going to insert process 10 to ready queue.
going to schedule process 11 to run.
[stress] slot=10 round=8 acc=000000000005b536 STUV
going to insert process 11 to ready queue.
going to schedule process 12 to run.
[stress] slot=11 round=8 acc=000000000008aac9 TUVW
going to insert process 12 to ready queue.
going to schedule process 13 to run.
[stress] slot=12 round=8 acc=0000000000090ccf UVWX
going to insert process 13 to ready queue.
going to schedule process 14 to run.
[stress] slot=13 round=8 acc=00000000000bf66a VWXY
going to insert process 14 to ready queue.
going to schedule process 15 to run.
[stress] slot=14 round=8 acc=0000000000073e33 WXYZ
going to insert process 15 to ready queue.
going to schedule process 16 to run.
[stress] slot=15 round=8 acc=0000000000095633 XYZA
going to insert process 16 to ready queue.
going to schedule process 17 to run.
[stress] slot=16 round=8 acc=000000000002841a YZAB
going to insert process 17 to ready queue.
going to schedule process 18 to run.
[stress] slot=17 round=8 acc=000000000007dde4 ZABC
going to insert process 18 to ready queue.
going to schedule process 19 to run.
[stress] slot=18 round=8 acc=00000000000c3882 ABCD
going to insert process 19 to ready queue.
going to schedule process 20 to run.
[stress] slot=19 round=8 acc=000000000008d0ae BCDE
going to insert process 20 to ready queue.
going to schedule process 21 to run.
[stress] slot=20 round=8 acc=0000000000006ee8 CDEF
going to insert process 21 to ready queue.
going to schedule process 22 to run.
[stress] slot=21 round=8 acc=00000000000fa9dc DEFG
going to insert process 22 to ready queue.
going to schedule process 23 to run.
[stress] slot=22 round=8 acc=00000000000b8fc3 EFGH
going to insert process 23 to ready queue.
going to schedule process 24 to run.
[stress] slot=23 round=8 acc=00000000000fe4e1 FGHI
going to insert process 24 to ready queue.
going to schedule process 25 to run.
[stress] slot=24 round=8 acc=000000000009d13d GHIJ
going to insert process 25 to ready queue.
going to schedule process 26 to run.
[stress] slot=25 round=8 acc=0000000000026e9e HIJK
going to insert process 26 to ready queue.
going to schedule process 27 to run.
[stress] slot=26 round=8 acc=0000000000032925 IJKL
going to insert process 27 to ready queue.
going to schedule process 28 to run.
[stress] slot=27 round=8 acc=00000000000bcf1e JKLM
going to insert process 28 to ready queue.
going to schedule process 0 to run.
going to insert process 0 to ready queue.
going to schedule process 1 to run.
[stress] slot=0 round=9 acc=0000000000015987 JKLM
going to insert process 1 to ready queue.
going to schedule process 2 to run.
[stress] slot=1 round=9 acc=00000000000f43d0 KLMN
going to insert process 2 to ready queue.
going to schedule process 3 to run.
[stress] slot=2 round=9 acc=00000000000babc8 LMNO
going to insert process 3 to ready queue.
going to schedule process 4 to run.
[stress] slot=3 round=9 acc=0000000000073cc9 MNOP
going to insert process 4 to ready queue.
going to schedule process 5 to run.
[stress] slot=4 round=9 acc=0000000000006d89 NOPQ
going to insert process 5 to ready queue.
going to schedule process 6 to run.
[stress] slot=5 round=9 acc=000000000002cf45 OPQR
going to insert process 6 to ready queue.
going to schedule process 7 to run.
[stress] slot=6 round=9 acc=00000000000d48a3 PQRS
going to insert process 7 to ready queue.
going to schedule process 8 to run.
[stress] slot=7 round=9 acc=00000000000fda27 QRST
going to insert process 8 to ready queue.
going to schedule process 9 to run.
[stress] slot=8 round=9 acc=000000000003c174 RSTU
going to insert process 9 to ready queue.
going to schedule process 10 to run.
[stress] slot=9 round=9 acc=00000000000eb35d STUV
going to insert process 10 to ready queue.
going to schedule process 11 to run.
[stress] slot=10 round=9 acc=00000000000855b7 TUVW
going to insert process 11 to ready queue.
going to schedule process 12 to run.
[stress] slot=11 round=9 acc=000000000001e00a UVWX
going to insert process 12 to ready queue.
going to schedule process 13 to run.
[stress] slot=12 round=9 acc=00000000000fcc54 VWXY
going to insert process 13 to ready queue.
going to schedule process 14 to run.
[stress] slot=13 round=9 acc=00000000000ee6eb WXYZ
going to insert process 14 to ready queue.
going to schedule process 15 to run.
[stress] slot=14 round=9 acc=0000000000057627 XYZA
going to insert process 15 to ready queue.
going to schedule process 16 to run.
[stress] slot=15 round=9 acc=00000000000c0162 YZAB
going to insert process 16 to ready queue.
going to schedule process 17 to run.
[stress] slot=16 round=9 acc=00000000000da5d9 ZABC
going to insert process 17 to ready queue.
going to schedule process 18 to run.
[stress] slot=17 round=9 acc=0000000000044e57 ABCD
going to insert process 18 to ready queue.
going to schedule process 19 to run.
[stress] slot=18 round=9 acc=0000000000044756 BCDE
going to insert process 19 to ready queue.
going to schedule process 20 to run.
[stress] slot=19 round=9 acc=000000000000637d CDEF
going to insert process 20 to ready queue.
going to schedule process 21 to run.
[stress] slot=20 round=9 acc=0000000000077bca DEFG
going to insert process 21 to ready queue.
going to schedule process 22 to run.
[stress] slot=21 round=9 acc=00000000000ef240 EFGH
going to insert process 22 to ready queue.
going to schedule process 23 to run.
[stress] slot=22 round=9 acc=00000000000f9db7 FGHI
going to insert process 23 to ready queue.
going to schedule process 24 to run.
[stress] slot=23 round=9 acc=00000000000e7547 GHIJ
going to insert process 24 to ready queue.
going to schedule process 25 to run.
[stress] slot=24 round=9 acc=000000000000befc HIJK
going to insert process 25 to ready queue.
going to schedule process 26 to run.
[stress] slot=25 round=9 acc=00000000000d40d5 IJKL
going to insert process 26 to ready queue.
going to schedule process 27 to run.
[stress] slot=26 round=9 acc=000000000007fa87 JKLM
going to insert process 27 to ready queue.
going to schedule process 28 to run.
[stress] slot=27 round=9 acc=000000000009b3a6 KLMN
going to insert process 28 to ready queue.
going to schedule process 0 to run.
going to insert process 0 to ready queue.
going to schedule process 1 to run.
[stress] slot=0 round=10 acc=000000000000a62f KLMN
going to insert process 1 to ready queue.
going to schedule process 2 to run.
[stress] slot=1 round=10 acc=00000000000b09e4 LMNO
going to insert process 2 to ready queue.
going to schedule process 3 to run.
[stress] slot=2 round=10 acc=00000000000ae776 MNOP
going to insert process 3 to ready queue.
going to schedule process 4 to run.
[stress] slot=3 round=10 acc=000000000001caec NOPQ
going to insert process 4 to ready queue.
going to schedule process 5 to run.
[stress] slot=4 round=10 acc=0000000000060328 OPQR
going to insert process 5 to ready queue.
going to schedule process 6 to run.
[stress] slot=5 round=10 acc=00000000000c1918 PQRS
going to insert process 6 to ready queue.
going to schedule process 7 to run.
[stress] slot=6 round=10 acc=00000000000c91c1 QRST
going to insert process 7 to ready queue.
going to schedule process 8 to run.
[stress] slot=7 round=10 acc=00000000000e5a51 RSTU
going to insert process 8 to ready queue.
going to schedule process 9 to run.
[stress] slot=8 round=10 acc=000000000009fbb9 STUV
going to insert process 9 to ready queue.
going to schedule process 10 to run.
[stress] slot=9 round=10 acc=00000000000c6ae3 TUVW
going to insert process 10 to ready queue.
going to schedule process 11 to run.
[stress] slot=10 round=10 acc=000000000001ca93 UVWX
going to insert process 11 to ready queue.
going to schedule process 12 to run.
[stress] slot=11 round=10 acc=00000000000b33d1 VWXY
going to insert process 12 to ready queue.
going to schedule process 13 to run.
[stress] slot=12 round=10 acc=0000000000052bd2 WXYZ
going to insert process 13 to ready queue.
going to schedule process 14 to run.
[stress] slot=13 round=10 acc=00000000000c4039 XYZA
going to insert process 14 to ready queue.
going to schedule process 15 to run.
[stress] slot=14 round=10 acc=0000000000014b7f YZAB
going to insert process 15 to ready queue.
going to schedule process 16 to run.
[stress] slot=15 round=10 acc=000000000008e5a0 ZABC
going to insert process 16 to ready queue.
going to schedule process 17 to run.
[stress] slot=16 round=10 acc=000000000001c96c ABCD
going to insert process 17 to ready queue.
going to schedule process 18 to run.
[stress] slot=17 round=10 acc=000000000004d17e BCDE
going to insert process 18 to ready queue.
going to schedule process 19 to run.
[stress] slot=18 round=10 acc=0000000000037588 CDEF
going to insert process 19 to ready queue.
going to schedule process 20 to run.
[stress] slot=19 round=10 acc=0000000000099cc9 DEFG
going to insert process 20 to ready queue.
going to schedule process 21 to run.
[stress] slot=20 round=10 acc=000000000003f7ef EFGH
going to insert process 21 to ready queue.
going to schedule process 22 to run.
[stress] slot=21 round=10 acc=00000000000de9e5 FGHI
going to insert process 22 to ready queue.
going to schedule process 23 to run.
[stress] slot=22 round=10 acc=00000000000cf062 GHIJ
going to insert process 23 to ready queue.
going to schedule process 24 to run.
[stress] slot=23 round=10 acc=0000000000091220 HIJK
going to insert process 24 to ready queue.
going to schedule process 25 to run.
[stress] slot=24 round=10 acc=0000000000078b3f IJKL
going to insert process 25 to ready queue.
going to schedule process 26 to run.
[stress] slot=25 round=10 acc=0000000000032e4a JKLM
going to insert process 26 to ready queue.
going to schedule process 27 to run.
[stress] slot=26 round=10 acc=000000000006caf3 KLMN
going to insert process 27 to ready queue.
going to schedule process 28 to run.
[stress] slot=27 round=10 acc=000000000004191e LMNO
going to insert process 28 to ready queue.
going to schedule process 0 to run.
going to insert process 0 to ready queue.
going to schedule process 1 to run.
[stress] slot=0 round=11 acc=00000000000ed971 LMNO
going to insert process 1 to ready queue.
going to schedule process 2 to run.
[stress] slot=1 round=11 acc=00000000000e62a2 MNOP
going to insert process 2 to ready queue.
going to schedule process 3 to run.
[stress] slot=2 round=11 acc=00000000000982b5 NOPQ
going to insert process 3 to ready queue.
going to schedule process 4 to run.
[stress] slot=3 round=11 acc=000000000002a79b OPQR
going to insert process 4 to ready queue.
going to schedule process 5 to run.
Ticks 1
[stress] slot=4 round=11 acc=000000000005ac2d PQRS
going to insert process 5 to ready queue.
going to schedule process 6 to run.
[stress] slot=5 round=11 acc=00000000000e84c3 QRST
going to insert process 6 to ready queue.
going to schedule process 7 to run.
[stress] slot=6 round=11 acc=000000000009b01f RSTU
going to insert process 7 to ready queue.
going to schedule process 8 to run.
[stress] slot=7 round=11 acc=0000000000094dcf STUV
going to insert process 8 to ready queue.
going to schedule process 9 to run.
[stress] slot=8 round=11 acc=0000000000000836 TUVW
going to insert process 9 to ready queue.
going to schedule process 10 to run.
[stress] slot=9 round=11 acc=00000000000de804 UVWX
going to insert process 10 to ready queue.
going to schedule process 11 to run.
[stress] slot=10 round=11 acc=00000000000e1a9d VWXY
going to insert process 11 to ready queue.
going to schedule process 12 to run.
[stress] slot=11 round=11 acc=0000000000059072 WXYZ
going to insert process 12 to ready queue.
going to schedule process 13 to run.
[stress] slot=12 round=11 acc=00000000000b5698 XYZA
going to insert process 13 to ready queue.
going to schedule process 14 to run.
[stress] slot=13 round=11 acc=00000000000e05fa YZAB
going to insert process 14 to ready queue.
going to schedule process 15 to run.
[stress] slot=14 round=11 acc=0000000000059b4c ZABC
going to insert process 15 to ready queue.
going to schedule process 16 to run.
[stress] slot=15 round=11 acc=000000000004ab37 ABCD
going to insert process 16 to ready queue.
going to schedule process 17 to run.
[stress] slot=16 round=11 acc=00000000000f957c BCDE
going to insert process 17 to ready queue.
going to schedule process 18 to run.
[stress] slot=17 round=11 acc=00000000000eb303 CDEF
going to insert process 18 to ready queue.
going to schedule process 19 to run.
[stress] slot=18 round=11 acc=000000000001e3f8 DEFG
going to insert process 19 to ready queue.
going to schedule process 20 to run.
[stress] slot=19 round=11 acc=0000000000083261 EFGH
going to insert process 20 to ready queue.
going to schedule process 21 to run.
[stress] slot=20 round=11 acc=000000000003635d FGHI
going to insert process 21 to ready queue.
going to schedule process 22 to run.
[stress] slot=21 round=11 acc=000000000009a710 GHIJ
going to insert process 22 to ready queue.
going to schedule process 23 to run.
[stress] slot=22 round=11 acc=0000000000058607 HIJK
going to insert process 23 to ready queue.
going to schedule process 24 to run.
[stress] slot=23 round=11 acc=00000000000de0b5 IJKL
going to insert process 24 to ready queue.
going to schedule process 25 to run.
[stress] slot=24 round=11 acc=0000000000029ab3 JKLM
going to insert process 25 to ready queue.
going to schedule process 26 to run.
[stress] slot=25 round=11 acc=00000000000612e5 KLMN
going to insert process 26 to ready queue.
going to schedule process 27 to run.
[stress] slot=26 round=11 acc=000000000009bc22 LMNO
going to insert process 27 to ready queue.
going to schedule process 28 to run.
[stress] slot=27 round=11 acc=00000000000aabc9 MNOP
going to insert process 28 to ready queue.
going to schedule process 0 to run.
going to insert process 0 to ready queue.
going to schedule process 1 to run.
[stress] slot=0 round=12 acc=000000000008d732 MNOP
going to insert process 1 to ready queue.
going to schedule process 2 to run.
[stress] slot=1 round=12 acc=00000000000e5c91 NOPQ
going to insert process 2 to ready queue.
going to schedule process 3 to run.
[stress] slot=2 round=12 acc=0000000000034722 OPQR
going to insert process 3 to ready queue.
going to schedule process 4 to run.
[stress] slot=3 round=12 acc=00000000000eb1c0 PQRS
going to insert process 4 to ready queue.
going to schedule process 5 to run.
[stress] slot=4 round=12 acc=00000000000ef832 QRST
going to insert process 5 to ready queue.
going to schedule process 6 to run.
[stress] slot=5 round=12 acc=00000000000f36c5 RSTU
going to insert process 6 to ready queue.
going to schedule process 7 to run.
[stress] slot=6 round=12 acc=000000000002c84e STUV
going to insert process 7 to ready queue.
going to schedule process 8 to run.
[stress] slot=7 round=12 acc=0000000000077e22 TUVW
going to insert process 8 to ready queue.
going to schedule process 9 to run.
[stress] slot=8 round=12 acc=00000000000fef44 UVWX
going to insert process 9 to ready queue.
going to schedule process 10 to run.
[stress] slot=9 round=12 acc=00000000000325e4 VWXY
going to insert process 10 to ready queue.
going to schedule process 11 to run.
[stress] slot=10 round=12 acc=000000000003c439 WXYZ
going to insert process 11 to ready queue.
going to schedule process 12 to run.
[stress] slot=11 round=12 acc=000000000002339f XYZA
going to insert process 12 to ready queue.
going to schedule process 13 to run.
[stress] slot=12 round=12 acc=000000000003be6b YZAB
going to insert process 13 to ready queue.
going to schedule process 14 to run.
[stress] slot=13 round=12 acc=0000000000027e73 ZABC
going to insert process 14 to ready queue.
going to schedule process 15 to run.
[stress] slot=14 round=12 acc=0000000000093889 ABCD
going to insert process 15 to ready queue.
going to schedule process 16 to run.
[stress] slot=15 round=12 acc=000000000004195e BCDE
going to insert process 16 to ready queue.
going to schedule process 17 to run.
[stress] slot=16 round=12 acc=000000000007bae3 CDEF
going to insert process 17 to ready queue.
going to schedule process 18 to run.
[stress] slot=17 round=12 acc=000000000000f32c DEFG
going to insert process 18 to ready queue.
going to schedule process 19 to run.
[stress] slot=18 round=12 acc=0000000000070723 EFGH
going to insert process 19 to ready queue.
going to schedule process 20 to run.
[stress] slot=19 round=12 acc=00000000000aed17 FGHI
going to insert process 20 to ready queue.
going to schedule process 21 to run.
[stress] slot=20 round=12 acc=00000000000df3a2 GHIJ
going to insert process 21 to ready queue.
going to schedule process 22 to run.
[stress] slot=21 round=12 acc=0000000000091c43 HIJK
going to insert process 22 to ready queue.
going to schedule process 23 to run.
[stress] slot=22 round=12 acc=0000000000049939 IJKL
going to insert process 23 to ready queue.
going to schedule process 24 to run.
[stress] slot=23 round=12 acc=000000000002e2ab JKLM
going to insert process 24 to ready queue.
going to schedule process 25 to run.
[stress] slot=24 round=12 acc=0000000000042c4a KLMN
going to insert process 25 to ready queue.
going to schedule process 26 to run.
[stress] slot=25 round=12 acc=0000000000026d6a LMNO
going to insert process 26 to ready queue.
going to schedule process 27 to run.
[stress] slot=26 round=12 acc=000000000000b534 MNOP
going to insert process 27 to ready queue.
going to schedule process 28 to run.
[stress] slot=27 round=12 acc=00000000000b2bfe NOPQ
going to insert process 28 to ready queue.
going to schedule process 0 to run.
going to insert process 0 to ready queue.
going to schedule process 1 to run.
[stress] slot=0 round=13 acc=00000000000d8035 NOPQ
going to insert process 1 to ready queue.
going to schedule process 2 to run.
[stress] slot=1 round=13 acc=000000000006f147 OPQR
going to insert process 2 to ready queue.
going to schedule process 3 to run.
[stress] slot=2 round=13 acc=00000000000b17d7 PQRS
going to insert process 3 to ready queue.
going to schedule process 4 to run.
[stress] slot=3 round=13 acc=000000000007cd14 QRST
going to insert process 4 to ready queue.
going to schedule process 5 to run.
[stress] slot=4 round=13 acc=0000000000004ef7 RSTU
going to insert process 5 to ready queue.
going to schedule process 6 to run.
[stress] slot=5 round=13 acc=0000000000055447 STUV
going to insert process 6 to ready queue.
going to schedule process 7 to run.
[stress] slot=6 round=13 acc=000000000008b262 TUVW
going to insert process 7 to ready queue.
going to schedule process 8 to run.
[stress] slot=7 round=13 acc=00000000000f962d UVWX
going to insert process 8 to ready queue.
going to schedule process 9 to run.
[stress] slot=8 round=13 acc=0000000000063484 VWXY
going to insert process 9 to ready queue.
going to schedule process 10 to run.
[stress] slot=9 round=13 acc=00000000000bacfe WXYZ
going to insert process 10 to ready queue.
going to schedule process 11 to run.
[stress] slot=10 round=13 acc=0000000000077d3f XYZA
going to insert process 11 to ready queue.
going to schedule process 12 to run.
[stress] slot=11 round=13 acc=00000000000dd806 YZAB
going to insert process 12 to ready queue.
going to schedule process 13 to run.
[stress] slot=12 round=13 acc=0000000000056142 ZABC
going to insert process 13 to ready queue.
going to schedule process 14 to run.
[stress] slot=13 round=13 acc=000000000008c56b ABCD
going to insert process 14 to ready queue.
going to schedule process 15 to run.
[stress] slot=14 round=13 acc=00000000000f31dd BCDE
going to insert process 15 to ready queue.
going to schedule process 16 to run.
[stress] slot=15 round=13 acc=00000000000a6935 CDEF
going to insert process 16 to ready queue.
going to schedule process 17 to run.
[stress] slot=16 round=13 acc=00000000000f87dd DEFG
going to insert process 17 to ready queue.
going to schedule process 18 to run.
[stress] slot=17 round=13 acc=0000000000076c7b EFGH
going to insert process 18 to ready queue.
going to schedule process 19 to run.
[stress] slot=18 round=13 acc=0000000000017cde FGHI
going to insert process 19 to ready queue.
going to schedule process 20 to run.
[stress] slot=19 round=13 acc=00000000000f01e7 GHIJ
going to insert process 20 to ready queue.
going to schedule process 21 to run.
[stress] slot=20 round=13 acc=00000000000c38ec HIJK
going to insert process 21 to ready queue.
going to schedule process 22 to run.
[stress] slot=21 round=13 acc=0000000000005122 IJKL
going to insert process 22 to ready queue.
going to schedule process 23 to run.
[stress] slot=22 round=13 acc=000000000001b094 JKLM
going to insert process 23 to ready queue.
going to schedule process 24 to run.
[stress] slot=23 round=13 acc=0000000000048f23 KLMN
going to insert process 24 to ready queue.
going to schedule process 25 to run.
[stress] slot=24 round=13 acc=0000000000056652 LMNO
going to insert process 25 to ready queue.
going to schedule process 26 to run.
[stress] slot=25 round=13 acc=000000000000a26d MNOP
going to insert process 26 to ready queue.
going to schedule process 27 to run.
[stress] slot=26 round=13 acc=0000000000009ea7 NOPQ
going to insert process 27 to ready queue.
going to schedule process 28 to run.
[stress] slot=27 round=13 acc=000000000004e7a5 OPQR
going to insert process 28 to ready queue.
going to schedule process 0 to run.
going to insert process 0 to ready queue.
going to schedule process 1 to run.
[stress] slot=0 round=14 acc=000000000003d20e OPQR
going to insert process 1 to ready queue.
going to schedule process 2 to run.
[stress] slot=1 round=14 acc=0000000000019079 PQRS
going to insert process 2 to ready queue.
going to schedule process 3 to run.
[stress] slot=2 round=14 acc=0000000000013ae5 QRST
going to insert process 3 to ready queue.
going to schedule process 4 to run.
[stress] slot=3 round=14 acc=00000000000e02a3 RSTU
going to insert process 4 to ready queue.
going to schedule process 5 to run.
[stress] slot=4 round=14 acc=000000000007a382 STUV
going to insert process 5 to ready queue.
going to schedule process 6 to run.
[stress] slot=5 round=14 acc=00000000000409af TUVW
going to insert process 6 to ready queue.
going to schedule process 7 to run.
[stress] slot=6 round=14 acc=0000000000093f4f UVWX
going to insert process 7 to ready queue.
going to schedule process 8 to run.
[stress] slot=7 round=14 acc=00000000000e7365 VWXY
going to insert process 8 to ready queue.
going to schedule process 9 to run.
[stress] slot=8 round=14 acc=0000000000064933 WXYZ
going to insert process 9 to ready queue.
going to schedule process 10 to run.
[stress] slot=9 round=14 acc=00000000000e3c4c XYZA
going to insert process 10 to ready queue.
going to schedule process 11 to run.
[stress] slot=10 round=14 acc=0000000000028a73 YZAB
going to insert process 11 to ready queue.
going to schedule process 12 to run.
[stress] slot=11 round=14 acc=0000000000018830 ZABC
going to insert process 12 to ready queue.
going to schedule process 13 to run.
[stress] slot=12 round=14 acc=000000000009438b ABCD
going to insert process 13 to ready queue.
going to schedule process 14 to run.
[stress] slot=13 round=14 acc=000000000008f6c7 BCDE
going to insert process 14 to ready queue.
going to schedule process 15 to run.
[stress] slot=14 round=14 acc=000000000003b24f CDEF
going to insert process 15 to ready queue.
going to schedule process 16 to run.
[stress] slot=15 round=14 acc=000000000003e57b DEFG
going to insert process 16 to ready queue.
going to schedule process 17 to run.
[stress] slot=16 round=14 acc=0000000000054aaa EFGH
going to insert process 17 to ready queue.
going to schedule process 18 to run.
[stress] slot=17 round=14 acc=000000000006d7ed FGHI
going to insert process 18 to ready queue.
going to schedule process 19 to run.
[stress] slot=18 round=14 acc=00000000000f917c GHIJ
going to insert process 19 to ready queue.
going to schedule process 20 to run.
[stress] slot=19 round=14 acc=0000000000084328 HIJK
going to insert process 20 to ready queue.
going to schedule process 21 to run.
[stress] slot=20 round=14 acc=000000000004ca59 IJKL
going to insert process 21 to ready queue.
going to schedule process 22 to run.
[stress] slot=21 round=14 acc=0000000000017069 JKLM
going to insert process 22 to ready queue.
going to schedule process 23 to run.
[stress] slot=22 round=14 acc=00000000000a850d KLMN
going to insert process 23 to ready queue.
going to schedule process 24 to run.
[stress] slot=23 round=14 acc=00000000000e63e8 LMNO
going to insert process 24 to ready queue.
going to schedule process 25 to run.
[stress] slot=24 round=14 acc=0000000000084997 MNOP
going to insert process 25 to ready queue.
going to schedule process 26 to run.
[stress] slot=25 round=14 acc=00000000000713a6 NOPQ
going to insert process 26 to ready queue.
going to schedule process 27 to run.
[stress] slot=26 round=14 acc=00000000000ee7cd OPQR
going to insert process 27 to ready queue.
going to schedule process 28 to run.
[stress] slot=27 round=14 acc=00000000000ae301 PQRS
going to insert process 28 to ready queue.
going to schedule process 0 to run.
going to insert process 0 to ready queue.
going to schedule process 1 to run.
[stress] slot=0 round=15 acc=0000000000013465 PQRS
going to insert process 1 to ready queue.
going to schedule process 2 to run.
[stress] slot=1 round=15 acc=00000000000f86dc QRST
going to insert process 2 to ready queue.
going to schedule process 3 to run.
[stress] slot=2 round=15 acc=00000000000e6449 RSTU
going to insert process 3 to ready queue.
going to schedule process 4 to run.
[stress] slot=3 round=15 acc=000000000002169d STUV
going to insert process 4 to ready queue.
going to schedule process 5 to run.
[stress] slot=4 round=15 acc=0000000000014ac8 TUVW
going to insert process 5 to ready queue.
going to schedule process 6 to run.
[stress] slot=5 round=15 acc=000000000007802d UVWX
going to insert process 6 to ready queue.
going to schedule process 7 to run.
[stress] slot=6 round=15 acc=0000000000075428 VWXY
going to insert process 7 to ready queue.
going to schedule process 8 to run.
[stress] slot=7 round=15 acc=00000000000aa8c8 WXYZ
going to insert process 8 to ready queue.
going to schedule process 9 to run.
[stress] slot=8 round=15 acc=0000000000078c78 XYZA
going to insert process 9 to ready queue.
going to schedule process 10 to run.
[stress] slot=9 round=15 acc=0000000000088eef YZAB
going to insert process 10 to ready queue.
going to schedule process 11 to run.
[stress] slot=10 round=15 acc=0000000000087b24 ZABC
going to insert process 11 to ready queue.
going to schedule process 12 to run.
[stress] slot=11 round=15 acc=00000000000ffee3 ABCD
going to insert process 12 to ready queue.
going to schedule process 13 to run.
[stress] slot=12 round=15 acc=00000000000860d3 BCDE
going to insert process 13 to ready queue.
going to schedule process 14 to run.
[stress] slot=13 round=15 acc=000000000007c13a CDEF
going to insert process 14 to ready queue.
going to schedule process 15 to run.
[stress] slot=14 round=15 acc=0000000000021e26 DEFG
going to insert process 15 to ready queue.
going to schedule process 16 to run.
[stress] slot=15 round=15 acc=0000000000013199 EFGH
going to insert process 16 to ready queue.
going to schedule process 17 to run.
[stress] slot=16 round=15 acc=00000000000ca5b3 FGHI
going to insert process 17 to ready queue.
going to schedule process 18 to run.
[stress] slot=17 round=15 acc=0000000000040da1 GHIJ
going to insert process 18 to ready queue.
going to schedule process 19 to run.
[stress] slot=18 round=15 acc=0000000000059985 HIJK
going to insert process 19 to ready queue.
going to schedule process 20 to run.
[stress] slot=19 round=15 acc=000000000002c465 IJKL
going to insert process 20 to ready queue.
going to schedule process 21 to run.
[stress] slot=20 round=15 acc=0000000000022a7f JKLM
going to insert process 21 to ready queue.
going to schedule process 22 to run.
[stress] slot=21 round=15 acc=0000000000060766 KLMN
going to insert process 22 to ready queue.
going to schedule process 23 to run.
[stress] slot=22 round=15 acc=000000000002ac37 LMNO
going to insert process 23 to ready queue.
going to schedule process 24 to run.
[stress] slot=23 round=15 acc=00000000000467fb MNOP
going to insert process 24 to ready queue.
going to schedule process 25 to run.
[stress] slot=24 round=15 acc=0000000000042149 NOPQ
going to insert process 25 to ready queue.
going to schedule process 26 to run.
[stress] slot=25 round=15 acc=0000000000085228 OPQR
going to insert process 26 to ready queue.
going to schedule process 27 to run.
[stress] slot=26 round=15 acc=00000000000acbb3 PQRS
going to insert process 27 to ready queue.
going to schedule process 28 to run.
[stress] slot=27 round=15 acc=00000000000e970b QRST
going to insert process 28 to ready queue.
going to schedule process 0 to run.
going to insert process 0 to ready queue.
going to schedule process 1 to run.
[stress] slot=0 round=16 acc=00000000000820e7 QRST
going to insert process 1 to ready queue.
going to schedule process 2 to run.
[stress] slot=1 round=16 acc=000000000009b864 RSTU
going to insert process 2 to ready queue.
going to schedule process 3 to run.
[stress] slot=2 round=16 acc=00000000000a787b STUV
going to insert process 3 to ready queue.
going to schedule process 4 to run.
[stress] slot=3 round=16 acc=000000000004c85a TUVW
going to insert process 4 to ready queue.
going to schedule process 5 to run.
[stress] slot=4 round=16 acc=000000000001d77e UVWX
going to insert process 5 to ready queue.
going to schedule process 6 to run.
[stress] slot=5 round=16 acc=00000000000b7586 VWXY
going to insert process 6 to ready queue.
going to schedule process 7 to run.
[stress] slot=6 round=16 acc=000000000008468a WXYZ
going to insert process 7 to ready queue.
going to schedule process 8 to run.
[stress] slot=7 round=16 acc=00000000000e957e XYZA
going to insert process 8 to ready queue.
going to schedule process 9 to run.
[stress] slot=8 round=16 acc=00000000000dd227 YZAB
going to insert process 9 to ready queue.
going to schedule process 10 to run.
[stress] slot=9 round=16 acc=00000000000a27a4 ZABC
going to insert process 10 to ready queue.
going to schedule process 11 to run.
[stress] slot=10 round=16 acc=00000000000550f9 ABCD
going to insert process 11 to ready queue.
going to schedule process 12 to run.
[stress] slot=11 round=16 acc=00000000000cb18d BCDE
going to insert process 12 to ready queue.
going to schedule process 13 to run.
[stress] slot=12 round=16 acc=0000000000050838 CDEF
going to insert process 13 to ready queue.
going to schedule process 14 to run.
[stress] slot=13 round=16 acc=00000000000f5e6e DEFG
going to insert process 14 to ready queue.
going to schedule process 15 to run.
[stress] slot=14 round=16 acc=0000000000080ea4 EFGH
going to insert process 15 to ready queue.
going to schedule process 16 to run.
[stress] slot=15 round=16 acc=00000000000a145f FGHI
going to insert process 16 to ready queue.
going to schedule process 17 to run.
[stress] slot=16 round=16 acc=0000000000060486 GHIJ
going to insert process 17 to ready queue.
going to schedule process 18 to run.
[stress] slot=17 round=16 acc=0000000000040a71 HIJK
going to insert process 18 to ready queue.
going to schedule process 19 to run.
[stress] slot=18 round=16 acc=00000000000c4057 IJKL
going to insert process 19 to ready queue.
going to schedule process 20 to run.
[stress] slot=19 round=16 acc=0000000000067c61 JKLM
going to insert process 20 to ready queue.
going to schedule process 21 to run.
[stress] slot=20 round=16 acc=00000000000164bb KLMN
going to insert process 21 to ready queue.
going to schedule process 22 to run.
[stress] slot=21 round=16 acc=0000000000070837 LMNO
going to insert process 22 to ready queue.
going to schedule process 23 to run.
[stress] slot=22 round=16 acc=000000000009e17e MNOP
going to insert process 23 to ready queue.
going to schedule process 24 to run.
[stress] slot=23 round=16 acc=00000000000f0a12 NOPQ
going to insert process 24 to ready queue.
going to schedule process 25 to run.
[stress] slot=24 round=16 acc=000000000002214d OPQR
going to insert process 25 to ready queue.
going to schedule process 26 to run.
[stress] slot=25 round=16 acc=000000000002f99d PQRS
going to insert process 26 to ready queue.
going to schedule process 27 to run.
Ticks 2
[stress] slot=26 round=16 acc=000000000007ba21 QRST
going to insert process 27 to ready queue.
going to schedule process 28 to run.
[stress] slot=27 round=16 acc=000000000007a44a RSTU
going to insert process 28 to ready queue.
going to schedule process 0 to run.
going to insert process 0 to ready queue.
going to schedule process 1 to run.
[stress] slot=0 round=17 acc=0000000000056d65 RSTU
going to insert process 1 to ready queue.
going to schedule process 2 to run.
[stress] slot=1 round=17 acc=000000000001ef5b STUV
going to insert process 2 to ready queue.
going to schedule process 3 to run.
[stress] slot=2 round=17 acc=0000000000095637 TUVW
going to insert process 3 to ready queue.
going to schedule process 4 to run.
[stress] slot=3 round=17 acc=0000000000038f38 UVWX
going to insert process 4 to ready queue.
going to schedule process 5 to run.
[stress] slot=4 round=17 acc=0000000000024af5 VWXY
going to insert process 5 to ready queue.
going to schedule process 6 to run.
[stress] slot=5 round=17 acc=0000000000052935 WXYZ
going to insert process 6 to ready queue.
going to schedule process 7 to run.
[stress] slot=6 round=17 acc=000000000000801b XYZA
going to insert process 7 to ready queue.
going to schedule process 8 to run.
[stress] slot=7 round=17 acc=000000000007a5e1 YZAB
going to insert process 8 to ready queue.
going to schedule process 9 to run.
[stress] slot=8 round=17 acc=000000000009abff ZABC
going to insert process 9 to ready queue.
going to schedule process 10 to run.
[stress] slot=9 round=17 acc=00000000000f251e ABCD
going to insert process 10 to ready queue.
going to schedule process 11 to run.
[stress] slot=10 round=17 acc=00000000000adf97 BCDE
going to insert process 11 to ready queue.
going to schedule process 12 to run.
[stress] slot=11 round=17 acc=000000000003bd01 CDEF
going to insert process 12 to ready queue.
going to schedule process 13 to run.
[stress] slot=12 round=17 acc=00000000000613fc DEFG
going to insert process 13 to ready queue.
going to schedule process 14 to run.
[stress] slot=13 round=17 acc=000000000004ffa4 EFGH
going to insert process 14 to ready queue.
going to schedule process 15 to run.
[stress] slot=14 round=17 acc=0000000000082304 FGHI
going to insert process 15 to ready queue.
going to schedule process 16 to run.
[stress] slot=15 round=17 acc=000000000005aaed GHIJ
going to insert process 16 to ready queue.
going to schedule process 17 to run.
[stress] slot=16 round=17 acc=000000000003d26e HIJK
going to insert process 17 to ready queue.
going to schedule process 18 to run.
[stress] slot=17 round=17 acc=000000000005be95 IJKL
going to insert process 18 to ready queue.
going to schedule process 19 to run.
[stress] slot=18 round=17 acc=00000000000d9d88 JKLM
going to insert process 19 to ready queue.
going to schedule process 20 to run.
[stress] slot=19 round=17 acc=00000000000ee63d KLMN
going to insert process 20 to ready queue.
going to schedule process 21 to run.
[stress] slot=20 round=17 acc=00000000000a2a55 LMNO
going to insert process 21 to ready queue.
going to schedule process 22 to run.
[stress] slot=21 round=17 acc=0000000000067987 MNOP
going to insert process 22 to ready queue.
going to schedule process 23 to run.
[stress] slot=22 round=17 acc=0000000000025b5f NOPQ
going to insert process 23 to ready queue.
going to schedule process 24 to run.
[stress] slot=23 round=17 acc=000000000006a843 OPQR
going to insert process 24 to ready queue.
going to schedule process 25 to run.
[stress] slot=24 round=17 acc=000000000004cc60 PQRS
going to insert process 25 to ready queue.
going to schedule process 26 to run.
[stress] slot=25 round=17 acc=000000000000b520 QRST
going to insert process 26 to ready queue.
going to schedule process 27 to run.
[stress] slot=26 round=17 acc=00000000000431be RSTU
going to insert process 27 to ready queue.
going to schedule process 28 to run.
[stress] slot=27 round=17 acc=00000000000a2953 STUV
going to insert process 28 to ready queue.
going to schedule process 0 to run.
going to insert process 0 to ready queue.
going to schedule process 1 to run.
[stress] slot=0 round=18 acc=0000000000088540 STUV
going to insert process 1 to ready queue.
going to schedule process 2 to run.
[stress] slot=1 round=18 acc=00000000000b36b5 TUVW
going to insert process 2 to ready queue.
going to schedule process 3 to run.
[stress] slot=2 round=18 acc=00000000000e13c4 UVWX
going to insert process 3 to ready queue.
going to schedule process 4 to run.
[stress] slot=3 round=18 acc=0000000000068f7d VWXY
going to insert process 4 to ready queue.
going to schedule process 5 to run.
[stress] slot=4 round=18 acc=000000000009251e WXYZ
going to insert process 5 to ready queue.
going to schedule process 6 to run.
[stress] slot=5 round=18 acc=0000000000062491 XYZA
going to insert process 6 to ready queue.
going to schedule process 7 to run.
[stress] slot=6 round=18 acc=000000000000524f YZAB
going to insert process 7 to ready queue.
going to schedule process 8 to run.
[stress] slot=7 round=18 acc=00000000000afd0e ZABC
going to insert process 8 to ready queue.
going to schedule process 9 to run.
[stress] slot=8 round=18 acc=00000000000ebf8d ABCD
going to insert process 9 to ready queue.
going to schedule process 10 to run.
[stress] slot=9 round=18 acc=000000000008c58d BCDE
going to insert process 10 to ready queue.
going to schedule process 11 to run.
[stress] slot=10 round=18 acc=00000000000cf81d CDEF
going to insert process 11 to ready queue.
going to schedule process 12 to run.
[stress] slot=11 round=18 acc=0000000000015cfe DEFG
going to insert process 12 to ready queue.
going to schedule process 13 to run.
[stress] slot=12 round=18 acc=000000000001b701 EFGH
going to insert process 13 to ready queue.
going to schedule process 14 to run.
[stress] slot=13 round=18 acc=0000000000021301 FGHI
going to insert process 14 to ready queue.
going to schedule process 15 to run.
[stress] slot=14 round=18 acc=0000000000009849 GHIJ
going to insert process 15 to ready queue.
going to schedule process 16 to run.
[stress] slot=15 round=18 acc=00000000000a84e2 HIJK
going to insert process 16 to ready queue.
going to schedule process 17 to run.
[stress] slot=16 round=18 acc=00000000000ce6dd IJKL
going to insert process 17 to ready queue.
going to schedule process 18 to run.
[stress] slot=17 round=18 acc=00000000000e3a9d JKLM
going to insert process 18 to ready queue.
going to schedule process 19 to run.
[stress] slot=18 round=18 acc=0000000000088714 KLMN
going to insert process 19 to ready queue.
going to schedule process 20 to run.
[stress] slot=19 round=18 acc=00000000000d7573 LMNO
going to insert process 20 to ready queue.
going to schedule process 21 to run.
[stress] slot=20 round=18 acc=0000000000038667 MNOP
going to insert process 21 to ready queue.
going to schedule process 22 to run.
[stress] slot=21 round=18 acc=0000000000052ebf NOPQ
going to insert process 22 to ready queue.
going to schedule process 23 to run.
[stress] slot=22 round=18 acc=00000000000b8369 OPQR
going to insert process 23 to ready queue.
going to schedule process 24 to run.
[stress] slot=23 round=18 acc=0000000000041f6c PQRS
going to insert process 24 to ready queue.
going to schedule process 25 to run.
[stress] slot=24 round=18 acc=000000000008f32d QRST
going to insert process 25 to ready queue.
going to schedule process 26 to run.
[stress] slot=25 round=18 acc=000000000005b5df RSTU
going to insert process 26 to ready queue.
going to schedule process 27 to run.
[stress] slot=26 round=18 acc=00000000000bebde STUV
going to insert process 27 to ready queue.
going to schedule process 28 to run.
[stress] slot=27 round=18 acc=00000000000ff9a6 TUVW
going to insert process 28 to ready queue.
going to schedule process 0 to run.
going to insert process 0 to ready queue.
going to schedule process 1 to run.
[stress] slot=0 round=19 acc=000000000000401f TUVW
going to insert process 1 to ready queue.
going to schedule process 2 to run.
[stress] slot=1 round=19 acc=000000000006f7bb UVWX
going to insert process 2 to ready queue.
going to schedule process 3 to run.
[stress] slot=2 round=19 acc=0000000000092aaa VWXY
going to insert process 3 to ready queue.
going to schedule process 4 to run.
[stress] slot=3 round=19 acc=00000000000212f1 WXYZ
going to insert process 4 to ready queue.
going to schedule process 5 to run.
[stress] slot=4 round=19 acc=0000000000096bf7 XYZA
going to insert process 5 to ready queue.
going to schedule process 6 to run.
[stress] slot=5 round=19 acc=00000000000f18fe YZAB
going to insert process 6 to ready queue.
going to schedule process 7 to run.
[stress] slot=6 round=19 acc=000000000005a7fe ZABC
going to insert process 7 to ready queue.
going to schedule process 8 to run.
[stress] slot=7 round=19 acc=0000000000026de8 ABCD
going to insert process 8 to ready queue.
going to schedule process 9 to run.
[stress] slot=8 round=19 acc=00000000000e1b30 BCDE
going to insert process 9 to ready queue.
going to schedule process 10 to run.
[stress] slot=9 round=19 acc=000000000007fa5d CDEF
going to insert process 10 to ready queue.
going to schedule process 11 to run.
[stress] slot=10 round=19 acc=00000000000086e9 DEFG
going to insert process 11 to ready queue.
going to schedule process 12 to run.
[stress] slot=11 round=19 acc=00000000000cb4c9 EFGH
going to insert process 12 to ready queue.
going to schedule process 13 to run.
[stress] slot=12 round=19 acc=0000000000068343 FGHI
going to insert process 13 to ready queue.
going to schedule process 14 to run.
[stress] slot=13 round=19 acc=00000000000f0bd8 GHIJ
going to insert process 14 to ready queue.
going to schedule process 15 to run.
[stress] slot=14 round=19 acc=00000000000abb9c HIJK
going to insert process 15 to ready queue.
going to schedule process 16 to run.
[stress] slot=15 round=19 acc=0000000000033d23 IJKL
going to insert process 16 to ready queue.
going to schedule process 17 to run.
[stress] slot=16 round=19 acc=00000000000e29f5 JKLM
going to insert process 17 to ready queue.
going to schedule process 18 to run.
[stress] slot=17 round=19 acc=00000000000db749 KLMN
going to insert process 18 to ready queue.
going to schedule process 19 to run.
[stress] slot=18 round=19 acc=000000000004f3a0 LMNO
going to insert process 19 to ready queue.
going to schedule process 20 to run.
[stress] slot=19 round=19 acc=000000000005f526 MNOP
going to insert process 20 to ready queue.
going to schedule process 21 to run.
[stress] slot=20 round=19 acc=000000000001533c NOPQ
going to insert process 21 to ready queue.
going to schedule process 22 to run.
[stress] slot=21 round=19 acc=000000000008db20 OPQR
going to insert process 22 to ready queue.
going to schedule process 23 to run.
[stress] slot=22 round=19 acc=0000000000030248 PQRS
going to insert process 23 to ready queue.
going to schedule process 24 to run.
[stress] slot=23 round=19 acc=00000000000b4532 QRST
going to insert process 24 to ready queue.
going to schedule process 25 to run.
[stress] slot=24 round=19 acc=0000000000014e24 RSTU
going to insert process 25 to ready queue.
going to schedule process 26 to run.
[stress] slot=25 round=19 acc=000000000008b397 STUV
going to insert process 26 to ready queue.
going to schedule process 27 to run.
[stress] slot=26 round=19 acc=00000000000a06d3 TUVW
going to insert process 27 to ready queue.
going to schedule process 28 to run.
[stress] slot=27 round=19 acc=00000000000309d1 UVWX
going to insert process 28 to ready queue.
going to schedule process 0 to run.
going to insert process 0 to ready queue.
going to schedule process 1 to run.
[stress] slot=0 round=20 acc=00000000000bf99b UVWX
going to insert process 1 to ready queue.
going to schedule process 2 to run.
[stress] slot=1 round=20 acc=00000000000888f7 VWXY
going to insert process 2 to ready queue.
going to schedule process 3 to run.
[stress] slot=2 round=20 acc=000000000005f011 WXYZ
going to insert process 3 to ready queue.
going to schedule process 4 to run.
[stress] slot=3 round=20 acc=00000000000df7d4 XYZA
going to insert process 4 to ready queue.
going to schedule process 5 to run.
[stress] slot=4 round=20 acc=000000000008cd13 YZAB
going to insert process 5 to ready queue.
going to schedule process 6 to run.
[stress] slot=5 round=20 acc=0000000000093c9f ZABC
going to insert process 6 to ready queue.
going to schedule process 7 to run.
[stress] slot=6 round=20 acc=00000000000b6e74 ABCD
going to insert process 7 to ready queue.
going to schedule process 8 to run.
[stress] slot=7 round=20 acc=00000000000101c2 BCDE
going to insert process 8 to ready queue.
going to schedule process 9 to run.
[stress] slot=8 round=20 acc=0000000000038b32 CDEF
going to insert process 9 to ready queue.
going to schedule process 10 to run.
[stress] slot=9 round=20 acc=00000000000f0fb0 DEFG
going to insert process 10 to ready queue.
going to schedule process 11 to run.
[stress] slot=10 round=20 acc=0000000000065806 EFGH
going to insert process 11 to ready queue.
going to schedule process 12 to run.
[stress] slot=11 round=20 acc=00000000000c4860 FGHI
going to insert process 12 to ready queue.
going to schedule process 13 to run.
[stress] slot=12 round=20 acc=0000000000052ebc GHIJ
going to insert process 13 to ready queue.
going to schedule process 14 to run.
[stress] slot=13 round=20 acc=00000000000487f3 HIJK
going to insert process 14 to ready queue.
going to schedule process 15 to run.
[stress] slot=14 round=20 acc=0000000000072c34 IJKL
going to insert process 15 to ready queue.
going to schedule process 16 to run.
[stress] slot=15 round=20 acc=0000000000079647 JKLM
going to insert process 16 to ready queue.
going to schedule process 17 to run.
[stress] slot=16 round=20 acc=00000000000af730 KLMN
going to insert process 17 to ready queue.
going to schedule process 18 to run.
[stress] slot=17 round=20 acc=00000000000b1687 LMNO
going to insert process 18 to ready queue.
going to schedule process 19 to run.
[stress] slot=18 round=20 acc=00000000000f58b5 MNOP
going to insert process 19 to ready queue.
going to schedule process 20 to run.
[stress] slot=19 round=20 acc=00000000000e6d90 NOPQ
going to insert process 20 to ready queue.
going to schedule process 21 to run.
[stress] slot=20 round=20 acc=00000000000ff7ee OPQR
going to insert process 21 to ready queue.
going to schedule process 22 to run.
[stress] slot=21 round=20 acc=00000000000dc419 PQRS
going to insert process 22 to ready queue.
going to schedule process 23 to run.
[stress] slot=22 round=20 acc=00000000000c915e QRST
going to insert process 23 to ready queue.
going to schedule process 24 to run.
[stress] slot=23 round=20 acc=000000000007cf59 RSTU
going to insert process 24 to ready queue.
going to schedule process 25 to run.
[stress] slot=24 round=20 acc=00000000000b7f16 STUV
going to insert process 25 to ready queue.
going to schedule process 26 to run.
[stress] slot=25 round=20 acc=00000000000ed18c TUVW
going to insert process 26 to ready queue.
going to schedule process 27 to run.
[stress] slot=26 round=20 acc=0000000000029028 UVWX
going to insert process 27 to ready queue.
going to schedule process 28 to run.
[stress] slot=27 round=20 acc=00000000000b8149 VWXY
going to insert process 28 to ready queue.
going to schedule process 0 to run.
going to insert process 0 to ready queue.
going to schedule process 1 to run.
[stress] slot=0 round=21 acc=00000000000574de VWXY
going to insert process 1 to ready queue.
going to schedule process 2 to run.
[stress] slot=1 round=21 acc=00000000000d76df WXYZ
going to insert process 2 to ready queue.
going to schedule process 3 to run.
[stress] slot=2 round=21 acc=000000000009fdf7 XYZA
going to insert process 3 to ready queue.
going to schedule process 4 to run.
[stress] slot=3 round=21 acc=00000000000c979f YZAB
going to insert process 4 to ready queue.
going to schedule process 5 to run.
[stress] slot=4 round=21 acc=00000000000a6deb ZABC
going to insert process 5 to ready queue.
going to schedule process 6 to run.
[stress] slot=5 round=21 acc=00000000000326e1 ABCD
going to insert process 6 to ready queue.
going to schedule process 7 to run.
[stress] slot=6 round=21 acc=00000000000ab628 BCDE
going to insert process 7 to ready queue.
going to schedule process 8 to run.
[stress] slot=7 round=21 acc=00000000000f4aa1 CDEF
going to insert process 8 to ready queue.
going to schedule process 9 to run.
[stress] slot=8 round=21 acc=00000000000748a1 DEFG
going to insert process 9 to ready queue.
going to schedule process 10 to run.
[stress] slot=9 round=21 acc=00000000000a879f EFGH
going to insert process 10 to ready queue.
going to schedule process 11 to run.
[stress] slot=10 round=21 acc=00000000000eb463 FGHI
going to insert process 11 to ready queue.
going to schedule process 12 to run.
[stress] slot=11 round=21 acc=000000000002f467 GHIJ
going to insert process 12 to ready queue.
going to schedule process 13 to run.
[stress] slot=12 round=21 acc=00000000000e4fb4 HIJK
going to insert process 13 to ready queue.
going to schedule process 14 to run.
[stress] slot=13 round=21 acc=00000000000ea82a IJKL
going to insert process 14 to ready queue.
going to schedule process 15 to run.
[stress] slot=14 round=21 acc=00000000000dc3ac JKLM
going to insert process 15 to ready queue.
going to schedule process 16 to run.
[stress] slot=15 round=21 acc=000000000009f138 KLMN
going to insert process 16 to ready queue.
going to schedule process 17 to run.
[stress] slot=16 round=21 acc=000000000002a1ed LMNO
going to insert process 17 to ready queue.
going to schedule process 18 to run.
[stress] slot=17 round=21 acc=0000000000095525 MNOP
going to insert process 18 to ready queue.
going to schedule process 19 to run.
[stress] slot=18 round=21 acc=00000000000bc422 NOPQ
going to insert process 19 to ready queue.
going to schedule process 20 to run.
[stress] slot=19 round=21 acc=000000000009f399 OPQR
going to insert process 20 to ready queue.
going to schedule process 21 to run.
[stress] slot=20 round=21 acc=000000000005ecdf PQRS
going to insert process 21 to ready queue.
going to schedule process 22 to run.
[stress] slot=21 round=21 acc=00000000000eb782 QRST
going to insert process 22 to ready queue.
going to schedule process 23 to run.
[stress] slot=22 round=21 acc=0000000000050bfa RSTU
going to insert process 23 to ready queue.
going to schedule process 24 to run.
[stress] slot=23 round=21 acc=0000000000082f47 STUV
going to insert process 24 to ready queue.
going to schedule process 25 to run.
[stress] slot=24 round=21 acc=00000000000733d8 TUVW
going to insert process 25 to ready queue.
going to schedule process 26 to run.
[stress] slot=25 round=21 acc=0000000000054e89 UVWX
going to insert process 26 to ready queue.
going to schedule process 27 to run.
[stress] slot=26 round=21 acc=0000000000021d0f VWXY
going to insert process 27 to ready queue.
going to schedule process 28 to run.
[stress] slot=27 round=21 acc=000000000003f652 WXYZ
going to insert process 28 to ready queue.
going to schedule process 0 to run.
going to insert process 0 to ready queue.
going to schedule process 1 to run.
[stress] slot=0 round=22 acc=00000000000bf5e8 WXYZ
going to insert process 1 to ready queue.
going to schedule process 2 to run.
[stress] slot=1 round=22 acc=00000000000d2d43 XYZA
going to insert process 2 to ready queue.
going to schedule process 3 to run.
[stress] slot=2 round=22 acc=000000000006b150 YZAB
going to insert process 3 to ready queue.
going to schedule process 4 to run.
[stress] slot=3 round=22 acc=00000000000af0c8 ZABC
going to insert process 4 to ready queue.
going to schedule process 5 to run.
[stress] slot=4 round=22 acc=0000000000055bb2 ABCD
going to insert process 5 to ready queue.
going to schedule process 6 to run.
[stress] slot=5 round=22 acc=000000000000ecc4 BCDE
going to insert process 6 to ready queue.
going to schedule process 7 to run.
[stress] slot=6 round=22 acc=0000000000094843 CDEF
going to insert process 7 to ready queue.
going to schedule process 8 to run.
[stress] slot=7 round=22 acc=000000000009361b DEFG
going to insert process 8 to ready queue.
going to schedule process 9 to run.
[stress] slot=8 round=22 acc=00000000000ea1e5 EFGH
going to insert process 9 to ready queue.
going to schedule process 10 to run.
[stress] slot=9 round=22 acc=0000000000077656 FGHI
going to insert process 10 to ready queue.
going to schedule process 11 to run.
[stress] slot=10 round=22 acc=00000000000832e8 GHIJ
going to insert process 11 to ready queue.
going to schedule process 12 to run.
[stress] slot=11 round=22 acc=00000000000cf347 HIJK
going to insert process 12 to ready queue.
going to schedule process 13 to run.
[stress] slot=12 round=22 acc=0000000000080f13 IJKL
going to insert process 13 to ready queue.
going to schedule process 14 to run.
[stress] slot=13 round=22 acc=00000000000d3f9f JKLM
going to insert process 14 to ready queue.
going to schedule process 15 to run.
[stress] slot=14 round=22 acc=000000000009284e KLMN
going to insert process 15 to ready queue.
going to schedule process 16 to run.
[stress] slot=15 round=22 acc=00000000000fc5b1 LMNO
going to insert process 16 to ready queue.
going to schedule process 17 to run.
[stress] slot=16 round=22 acc=00000000000d4012 MNOP
going to insert process 17 to ready queue.
going to schedule process 18 to run.
[stress] slot=17 round=22 acc=00000000000e27f8 NOPQ
going to insert process 18 to ready queue.
going to schedule process 19 to run.
[stress] slot=18 round=22 acc=00000000000a95cd OPQR
going to insert process 19 to ready queue.
going to schedule process 20 to run.
[stress] slot=19 round=22 acc=000000000004c90d PQRS
going to insert process 20 to ready queue.
going to schedule process 21 to run.
[stress] slot=20 round=22 acc=0000000000035932 QRST
going to insert process 21 to ready queue.
going to schedule process 22 to run.
Ticks 3
[stress] slot=21 round=22 acc=00000000000833bf RSTU
going to insert process 22 to ready queue.
going to schedule process 23 to run.
[stress] slot=22 round=22 acc=000000000002c4fc STUV
going to insert process 23 to ready queue.
going to schedule process 24 to run.
[stress] slot=23 round=22 acc=000000000006f5aa TUVW
going to insert process 24 to ready queue.
going to schedule process 25 to run.
[stress] slot=24 round=22 acc=000000000008c8bd UVWX
going to insert process 25 to ready queue.
going to schedule process 26 to run.
[stress] slot=25 round=22 acc=000000000006fa46 VWXY
going to insert process 26 to ready queue.
going to schedule process 27 to run.
[stress] slot=26 round=22 acc=00000000000c6047 WXYZ
going to insert process 27 to ready queue.
going to schedule process 28 to run.
[stress] slot=27 round=22 acc=00000000000733a7 XYZA
going to insert process 28 to ready queue.
going to schedule process 0 to run.
going to insert process 0 to ready queue.
going to schedule process 1 to run.
[stress] slot=0 round=23 acc=000000000002aa6f XYZA
going to insert process 1 to ready queue.
going to schedule process 2 to run.
[stress] slot=1 round=23 acc=000000000005e142 YZAB
going to insert process 2 to ready queue.
going to schedule process 3 to run.
[stress] slot=2 round=23 acc=000000000002a90c ZABC
going to insert process 3 to ready queue.
going to schedule process 4 to run.
[stress] slot=3 round=23 acc=00000000000fc7c0 ABCD
going to insert process 4 to ready queue.
going to schedule process 5 to run.
[stress] slot=4 round=23 acc=000000000009b343 BCDE
going to insert process 5 to ready queue.
going to schedule process 6 to run.
[stress] slot=5 round=23 acc=000000000006dc03 CDEF
going to insert process 6 to ready queue.
going to schedule process 7 to run.
[stress] slot=6 round=23 acc=0000000000005f02 DEFG
going to insert process 7 to ready queue.
going to schedule process 8 to run.
[stress] slot=7 round=23 acc=00000000000673c2 EFGH
going to insert process 8 to ready queue.
going to schedule process 9 to run.
[stress] slot=8 round=23 acc=000000000001cdf1 FGHI
going to insert process 9 to ready queue.
going to schedule process 10 to run.
[stress] slot=9 round=23 acc=000000000000bf7f GHIJ
going to insert process 10 to ready queue.
going to schedule process 11 to run.
[stress] slot=10 round=23 acc=000000000007da5f HIJK
going to insert process 11 to ready queue.
going to schedule process 12 to run.
[stress] slot=11 round=23 acc=00000000000653ee IJKL
going to insert process 12 to ready queue.
going to schedule process 13 to run.
[stress] slot=12 round=23 acc=00000000000a7d17 JKLM
going to insert process 13 to ready queue.
going to schedule process 14 to run.
[stress] slot=13 round=23 acc=0000000000081943 KLMN
going to insert process 14 to ready queue.
going to schedule process 15 to run.
[stress] slot=14 round=23 acc=0000000000080976 LMNO
going to insert process 15 to ready queue.
going to schedule process 16 to run.
[stress] slot=15 round=23 acc=000000000007db93 MNOP
going to insert process 16 to ready queue.
going to schedule process 17 to run.
[stress] slot=16 round=23 acc=000000000007061e NOPQ
going to insert process 17 to ready queue.
going to schedule process 18 to run.
[stress] slot=17 round=23 acc=000000000004102e OPQR
going to insert process 18 to ready queue.
going to schedule process 19 to run.
[stress] slot=18 round=23 acc=0000000000083f61 PQRS
going to insert process 19 to ready queue.
going to schedule process 20 to run.
[stress] slot=19 round=23 acc=0000000000045d4b QRST
going to insert process 20 to ready queue.
going to schedule process 21 to run.
[stress] slot=20 round=23 acc=0000000000085a9b RSTU
going to insert process 21 to ready queue.
going to schedule process 22 to run.
[stress] slot=21 round=23 acc=00000000000ade84 STUV
going to insert process 22 to ready queue.
going to schedule process 23 to run.
[stress] slot=22 round=23 acc=00000000000aa5c5 TUVW
going to insert process 23 to ready queue.
going to schedule process 24 to run.
[stress] slot=23 round=23 acc=0000000000094159 UVWX
going to insert process 24 to ready queue.
going to schedule process 25 to run.
[stress] slot=24 round=23 acc=00000000000df000 VWXY
going to insert process 25 to ready queue.
going to schedule process 26 to run.
[stress] slot=25 round=23 acc=0000000000083e1f WXYZ
going to insert process 26 to ready queue.
going to schedule process 27 to run.
[stress] slot=26 round=23 acc=00000000000df55e XYZA
going to insert process 27 to ready queue.
going to schedule process 28 to run.
[stress] slot=27 round=23 acc=00000000000be452 YZAB
going to insert process 28 to ready queue.
going to schedule process 0 to run.
going to insert process 0 to ready queue.
going to schedule process 1 to run.
[stress] slot=0 round=24 acc=000000000001969b YZAB
going to insert process 1 to ready queue.
going to schedule process 2 to run.
[stress] slot=1 round=24 acc=00000000000cb859 ZABC
going to insert process 2 to ready queue.
going to schedule process 3 to run.
[stress] slot=2 round=24 acc=000000000001a2be ABCD
going to insert process 3 to ready queue.
going to schedule process 4 to run.
[stress] slot=3 round=24 acc=00000000000a784c BCDE
going to insert process 4 to ready queue.
going to schedule process 5 to run.
[stress] slot=4 round=24 acc=0000000000045816 CDEF
going to insert process 5 to ready queue.
going to schedule process 6 to run.
[stress] slot=5 round=24 acc=00000000000e8bf5 DEFG
going to insert process 6 to ready queue.
going to schedule process 7 to run.
[stress] slot=6 round=24 acc=00000000000474ad EFGH
going to insert process 7 to ready queue.
going to schedule process 8 to run.
[stress] slot=7 round=24 acc=0000000000011ccb FGHI
going to insert process 8 to ready queue.
going to schedule process 9 to run.
[stress] slot=8 round=24 acc=0000000000048352 GHIJ
going to insert process 9 to ready queue.
going to schedule process 10 to run.
[stress] slot=9 round=24 acc=00000000000ca3f4 HIJK
going to insert process 10 to ready queue.
going to schedule process 11 to run.
[stress] slot=10 round=24 acc=00000000000bb3f1 IJKL
going to insert process 11 to ready queue.
going to schedule process 12 to run.
[stress] slot=11 round=24 acc=00000000000a5b02 JKLM
going to insert process 12 to ready queue.
going to schedule process 13 to run.
[stress] slot=12 round=24 acc=00000000000e6b5a KLMN
going to insert process 13 to ready queue.
going to schedule process 14 to run.
[stress] slot=13 round=24 acc=0000000000082cb6 LMNO
going to insert process 14 to ready queue.
going to schedule process 15 to run.
[stress] slot=14 round=24 acc=00000000000eb9cb MNOP
going to insert process 15 to ready queue.
going to schedule process 16 to run.
[stress] slot=15 round=24 acc=000000000001c4aa NOPQ
going to insert process 16 to ready queue.
going to schedule process 17 to run.
[stress] slot=16 round=24 acc=00000000000aeb31 OPQR
going to insert process 17 to ready queue.
going to schedule process 18 to run.
[stress] slot=17 round=24 acc=000000000009b0c7 PQRS
going to insert process 18 to ready queue.
going to schedule process 19 to run.
[stress] slot=18 round=24 acc=000000000004b5d3 QRST
going to insert process 19 to ready queue.
going to schedule process 20 to run.
[stress] slot=19 round=24 acc=00000000000d9719 RSTU
going to insert process 20 to ready queue.
going to schedule process 21 to run.
[stress] slot=20 round=24 acc=0000000000054911 STUV
going to insert process 21 to ready queue.
going to schedule process 22 to run.
[stress] slot=21 round=24 acc=0000000000001e57 TUVW
going to insert process 22 to ready queue.
going to schedule process 23 to run.
[stress] slot=22 round=24 acc=0000000000047d38 UVWX
going to insert process 23 to ready queue.
going to schedule process 24 to run.
[stress] slot=23 round=24 acc=00000000000e228b VWXY
going to insert process 24 to ready queue.
going to schedule process 25 to run.
[stress] slot=24 round=24 acc=00000000000fdd44 WXYZ
going to insert process 25 to ready queue.
going to schedule process 26 to run.
[stress] slot=25 round=24 acc=00000000000e922d XYZA
going to insert process 26 to ready queue.
going to schedule process 27 to run.
[stress] slot=26 round=24 acc=000000000003fef9 YZAB
going to insert process 27 to ready queue.
going to schedule process 28 to run.
[stress] slot=27 round=24 acc=0000000000076f11 ZABC
going to insert process 28 to ready queue.
going to schedule process 0 to run.
going to insert process 0 to ready queue.
going to schedule process 1 to run.
[stress] slot=0 round=25 acc=000000000005f67b ZABC
going to insert process 1 to ready queue.
going to schedule process 2 to run.
[stress] slot=1 round=25 acc=000000000005a57a ABCD
going to insert process 2 to ready queue.
going to schedule process 3 to run.
[stress] slot=2 round=25 acc=00000000000dcf46 BCDE
going to insert process 3 to ready queue.
going to schedule process 4 to run.
[stress] slot=3 round=25 acc=000000000006b817 CDEF
going to insert process 4 to ready queue.
going to schedule process 5 to run.
[stress] slot=4 round=25 acc=00000000000a0f63 DEFG
going to insert process 5 to ready queue.
going to schedule process 6 to run.
[stress] slot=5 round=25 acc=00000000000298b8 EFGH
going to insert process 6 to ready queue.
going to schedule process 7 to run.
[stress] slot=6 round=25 acc=00000000000cea3a FGHI
going to insert process 7 to ready queue.
going to schedule process 8 to run.
[stress] slot=7 round=25 acc=0000000000058ae4 GHIJ
going to insert process 8 to ready queue.
going to schedule process 9 to run.
[stress] slot=8 round=25 acc=000000000004b731 HIJK
going to insert process 9 to ready queue.
going to schedule process 10 to run.
[stress] slot=9 round=25 acc=000000000008cc3c IJKL
going to insert process 10 to ready queue.
going to schedule process 11 to run.
[stress] slot=10 round=25 acc=00000000000d22be JKLM
going to insert process 11 to ready queue.
going to schedule process 12 to run.
[stress] slot=11 round=25 acc=00000000000d5ffb KLMN
going to insert process 12 to ready queue.
going to schedule process 13 to run.
[stress] slot=12 round=25 acc=00000000000f8057 LMNO
going to insert process 13 to ready queue.
going to schedule process 14 to run.
[stress] slot=13 round=25 acc=000000000005d100 MNOP
going to insert process 14 to ready queue.
going to schedule process 15 to run.
[stress] slot=14 round=25 acc=00000000000bb048 NOPQ
going to insert process 15 to ready queue.
going to schedule process 16 to run.
[stress] slot=15 round=25 acc=00000000000c498c OPQR
going to insert process 16 to ready queue.
going to schedule process 17 to run.
[stress] slot=16 round=25 acc=00000000000c7b8d PQRS
going to insert process 17 to ready queue.
going to schedule process 18 to run.
[stress] slot=17 round=25 acc=00000000000bdb00 QRST
going to insert process 18 to ready queue.
going to schedule process 19 to run.
[stress] slot=18 round=25 acc=000000000004161e RSTU
going to insert process 19 to ready queue.
going to schedule process 20 to run.
[stress] slot=19 round=25 acc=000000000002dee6 STUV
going to insert process 20 to ready queue.
going to schedule process 21 to run.
[stress] slot=20 round=25 acc=00000000000a0be9 TUVW
going to insert process 21 to ready queue.
going to schedule process 22 to run.
[stress] slot=21 round=25 acc=000000000009670b UVWX
going to insert process 22 to ready queue.
going to schedule process 23 to run.
[stress] slot=22 round=25 acc=000000000009124e VWXY
going to insert process 23 to ready queue.
going to schedule process 24 to run.
[stress] slot=23 round=25 acc=000000000001bbd7 WXYZ
going to insert process 24 to ready queue.
going to schedule process 25 to run.
[stress] slot=24 round=25 acc=00000000000b9cce XYZA
going to insert process 25 to ready queue.
going to schedule process 26 to run.
[stress] slot=25 round=25 acc=0000000000016e8b YZAB
going to insert process 26 to ready queue.
going to schedule process 27 to run.
[stress] slot=26 round=25 acc=00000000000ceb6f ZABC
going to insert process 27 to ready queue.
going to schedule process 28 to run.
[stress] slot=27 round=25 acc=000000000003f27c ABCD
going to insert process 28 to ready queue.
going to schedule process 0 to run.
going to insert process 0 to ready queue.
going to schedule process 1 to run.
[stress] slot=0 round=26 acc=0000000000099bd8 ABCD
going to insert process 1 to ready queue.
going to schedule process 2 to run.
[stress] slot=1 round=26 acc=00000000000d29c7 BCDE
going to insert process 2 to ready queue.
going to schedule process 3 to run.
[stress] slot=2 round=26 acc=0000000000058b52 CDEF
going to insert process 3 to ready queue.
going to schedule process 4 to run.
[stress] slot=3 round=26 acc=000000000003d54b DEFG
going to insert process 4 to ready queue.
going to schedule process 5 to run.
[stress] slot=4 round=26 acc=000000000000c3c5 EFGH
going to insert process 5 to ready queue.
going to schedule process 6 to run.
[stress] slot=5 round=26 acc=0000000000004af5 FGHI
going to insert process 6 to ready queue.
going to schedule process 7 to run.
[stress] slot=6 round=26 acc=000000000002023c GHIJ
going to insert process 7 to ready queue.
going to schedule process 8 to run.
[stress] slot=7 round=26 acc=00000000000c817d HIJK
going to insert process 8 to ready queue.
going to schedule process 9 to run.
[stress] slot=8 round=26 acc=0000000000078833 IJKL
going to insert process 9 to ready queue.
going to schedule process 10 to run.
[stress] slot=9 round=26 acc=00000000000dab3a JKLM
going to insert process 10 to ready queue.
going to schedule process 11 to run.
[stress] slot=10 round=26 acc=00000000000043a2 KLMN
going to insert process 11 to ready queue.
going to schedule process 12 to run.
[stress] slot=11 round=26 acc=00000000000c5223 LMNO
going to insert process 12 to ready queue.
going to schedule process 13 to run.
[stress] slot=12 round=26 acc=000000000000f3e3 MNOP
going to insert process 13 to ready queue.
going to schedule process 14 to run.
[stress] slot=13 round=26 acc=00000000000e4773 NOPQ
going to insert process 14 to ready queue.
going to schedule process 15 to run.
[stress] slot=14 round=26 acc=00000000000c34f1 OPQR
going to insert process 15 to ready queue.
going to schedule process 16 to run.
[stress] slot=15 round=26 acc=000000000004de00 PQRS
going to insert process 16 to ready queue.
going to schedule process 17 to run.
[stress] slot=16 round=26 acc=0000000000065d34 QRST
going to insert process 17 to ready queue.
going to schedule process 18 to run.
[stress] slot=17 round=26 acc=0000000000014c7b RSTU
going to insert process 18 to ready queue.
going to schedule process 19 to run.
[stress] slot=18 round=26 acc=0000000000068db4 STUV
going to insert process 19 to ready queue.
going to schedule process 20 to run.
[stress] slot=19 round=26 acc=00000000000793e2 TUVW
going to insert process 20 to ready queue.
going to schedule process 21 to run.
[stress] slot=20 round=26 acc=0000000000035188 UVWX
going to insert process 21 to ready queue.
going to schedule process 22 to run.
[stress] slot=21 round=26 acc=000000000005b1d3 VWXY
going to insert process 22 to ready queue.
going to schedule process 23 to run.
[stress] slot=22 round=26 acc=000000000003ca3f WXYZ
going to insert process 23 to ready queue.
going to schedule process 24 to run.
[stress] slot=23 round=26 acc=00000000000cf304 XYZA
going to insert process 24 to ready queue.
going to schedule process 25 to run.
[stress] slot=24 round=26 acc=000000000007e4f3 YZAB
going to insert process 25 to ready queue.
going to schedule process 26 to run.
[stress] slot=25 round=26 acc=000000000001a886 ZABC
going to insert process 26 to ready queue.
going to schedule process 27 to run.
[stress] slot=26 round=26 acc=00000000000a8a30 ABCD
going to insert process 27 to ready queue.
going to schedule process 28 to run.
[stress] slot=27 round=26 acc=000000000009a0e5 BCDE
going to insert process 28 to ready queue.
going to schedule process 0 to run.
going to insert process 0 to ready queue.
going to schedule process 1 to run.
[stress] slot=0 round=27 acc=000000000003ca9a BCDE
going to insert process 1 to ready queue.
going to schedule process 2 to run.
[stress] slot=1 round=27 acc=000000000004b8f5 CDEF
going to insert process 2 to ready queue.
going to schedule process 3 to run.
[stress] slot=2 round=27 acc=000000000008ad0b DEFG
going to insert process 3 to ready queue.
going to schedule process 4 to run.
[stress] slot=3 round=27 acc=00000000000da256 EFGH
going to insert process 4 to ready queue.
going to schedule process 5 to run.
[stress] slot=4 round=27 acc=00000000000f572f FGHI
going to insert process 5 to ready queue.
going to schedule process 6 to run.
[stress] slot=5 round=27 acc=0000000000077b2c GHIJ
going to insert process 6 to ready queue.
going to schedule process 7 to run.
[stress] slot=6 round=27 acc=0000000000010886 HIJK
going to insert process 7 to ready queue.
going to schedule process 8 to run.
[stress] slot=7 round=27 acc=00000000000e6091 IJKL
going to insert process 8 to ready queue.
going to schedule process 9 to run.
[stress] slot=8 round=27 acc=000000000003d6b8 JKLM
going to insert process 9 to ready queue.
going to schedule process 10 to run.
[stress] slot=9 round=27 acc=00000000000dff88 KLMN
going to insert process 10 to ready queue.
going to schedule process 11 to run.
[stress] slot=10 round=27 acc=000000000002336d LMNO
going to insert process 11 to ready queue.
going to schedule process 12 to run.
[stress] slot=11 round=27 acc=0000000000023f1f MNOP
going to insert process 12 to ready queue.
going to schedule process 13 to run.
[stress] slot=12 round=27 acc=000000000002c826 NOPQ
going to insert process 13 to ready queue.
going to schedule process 14 to run.
[stress] slot=13 round=27 acc=00000000000ffc11 OPQR
going to insert process 14 to ready queue.
going to schedule process 15 to run.
[stress] slot=14 round=27 acc=00000000000e355c PQRS
going to insert process 15 to ready queue.
going to schedule process 16 to run.
[stress] slot=15 round=27 acc=00000000000e4326 QRST
going to insert process 16 to ready queue.
going to schedule process 17 to run.
[stress] slot=16 round=27 acc=00000000000468d5 RSTU
going to insert process 17 to ready queue.
going to schedule process 18 to run.
[stress] slot=17 round=27 acc=00000000000ce958 STUV
going to insert process 18 to ready queue.
going to schedule process 19 to run.
[stress] slot=18 round=27 acc=00000000000b8038 TUVW
going to insert process 19 to ready queue.
going to schedule process 20 to run.
[stress] slot=19 round=27 acc=00000000000fedc6 UVWX
going to insert process 20 to ready queue.
going to schedule process 21 to run.
[stress] slot=20 round=27 acc=000000000002193c VWXY
going to insert process 21 to ready queue.
going to schedule process 22 to run.
[stress] slot=21 round=27 acc=0000000000003a96 WXYZ
going to insert process 22 to ready queue.
going to schedule process 23 to run.
[stress] slot=22 round=27 acc=000000000005305a XYZA
going to insert process 23 to ready queue.
going to schedule process 24 to run.
[stress] slot=23 round=27 acc=000000000000f8e6 YZAB
going to insert process 24 to ready queue.
going to schedule process 25 to run.
[stress] slot=24 round=27 acc=0000000000095c34 ZABC
going to insert process 25 to ready queue.
going to schedule process 26 to run.
[stress] slot=25 round=27 acc=00000000000cddae ABCD
going to insert process 26 to ready queue.
going to schedule process 27 to run.
[stress] slot=26 round=27 acc=000000000006eab5 BCDE
going to insert process 27 to ready queue.
going to schedule process 28 to run.
[stress] slot=27 round=27 acc=0000000000000c72 CDEF
going to insert process 28 to ready queue.
going to schedule process 0 to run.
going to insert process 0 to ready queue.
going to schedule process 1 to run.
[stress] slot=0 round=28 acc=000000000006a0e4 CDEF
going to insert process 1 to ready queue.
going to schedule process 2 to run.
[stress] slot=1 round=28 acc=00000000000a386c DEFG
going to insert process 2 to ready queue.
going to schedule process 3 to run.
[stress] slot=2 round=28 acc=00000000000f7eaf EFGH
going to insert process 3 to ready queue.
going to schedule process 4 to run.
[stress] slot=3 round=28 acc=0000000000095f26 FGHI
going to insert process 4 to ready queue.
going to schedule process 5 to run.
[stress] slot=4 round=28 acc=0000000000033651 GHIJ
going to insert process 5 to ready queue.
going to schedule process 6 to run.
[stress] slot=5 round=28 acc=000000000000e757 HIJK
going to insert process 6 to ready queue.
going to schedule process 7 to run.
[stress] slot=6 round=28 acc=00000000000ece9a IJKL
going to insert process 7 to ready queue.
going to schedule process 8 to run.
[stress] slot=7 round=28 acc=00000000000b409e JKLM
going to insert process 8 to ready queue.
going to schedule process 9 to run.
[stress] slot=8 round=28 acc=00000000000cd143 KLMN
going to insert process 9 to ready queue.
going to schedule process 10 to run.
[stress] slot=9 round=28 acc=00000000000d8ac1 LMNO
going to insert process 10 to ready queue.
going to schedule process 11 to run.
[stress] slot=10 round=28 acc=0000000000017de0 MNOP
going to insert process 11 to ready queue.
going to schedule process 12 to run.
[stress] slot=11 round=28 acc=00000000000d2b94 NOPQ
going to insert process 12 to ready queue.
going to schedule process 13 to run.
[stress] slot=12 round=28 acc=00000000000e37fb OPQR
going to insert process 13 to ready queue.
going to schedule process 14 to run.
[stress] slot=13 round=28 acc=000000000005641e PQRS
going to insert process 14 to ready queue.
going to schedule process 15 to run.
[stress] slot=14 round=28 acc=0000000000011e01 QRST
going to insert process 15 to ready queue.
going to schedule process 16 to run.
Ticks 4
[stress] slot=15 round=28 acc=00000000000ef986 RSTU
going to insert process 16 to ready queue.
going to schedule process 17 to run.
[stress] slot=16 round=28 acc=00000000000b6cce STUV
going to insert process 17 to ready queue.
going to schedule process 18 to run.
[stress] slot=17 round=28 acc=0000000000077dd8 TUVW
going to insert process 18 to ready queue.
going to schedule process 19 to run.
[stress] slot=18 round=28 acc=000000000006234f UVWX
going to insert process 19 to ready queue.
going to schedule process 20 to run.
[stress] slot=19 round=28 acc=0000000000007775 VWXY
going to insert process 20 to ready queue.
going to schedule process 21 to run.
[stress] slot=20 round=28 acc=00000000000cbce6 WXYZ
going to insert process 21 to ready queue.
going to schedule process 22 to run.
[stress] slot=21 round=28 acc=000000000003431d XYZA
going to insert process 22 to ready queue.
going to schedule process 23 to run.
[stress] slot=22 round=28 acc=000000000004bcd8 YZAB
going to insert process 23 to ready queue.
going to schedule process 24 to run.
[stress] slot=23 round=28 acc=00000000000d7971 ZABC
going to insert process 24 to ready queue.
going to schedule process 25 to run.
[stress] slot=24 round=28 acc=00000000000f97d2 ABCD
going to insert process 25 to ready queue.
going to schedule process 26 to run.
[stress] slot=25 round=28 acc=0000000000025f4a BCDE
going to insert process 26 to ready queue.
going to schedule process 27 to run.
[stress] slot=26 round=28 acc=00000000000fad64 CDEF
going to insert process 27 to ready queue.
going to schedule process 28 to run.
[stress] slot=27 round=28 acc=000000000005dc47 DEFG
going to insert process 28 to ready queue.
going to schedule process 0 to run.
going to insert process 0 to ready queue.
going to schedule process 1 to run.
[stress] slot=0 round=29 acc=00000000000395f5 DEFG
going to insert process 1 to ready queue.
going to schedule process 2 to run.
[stress] slot=1 round=29 acc=00000000000c4a84 EFGH
going to insert process 2 to ready queue.
going to schedule process 3 to run.
[stress] slot=2 round=29 acc=0000000000099e0b FGHI
going to insert process 3 to ready queue.
going to schedule process 4 to run.
[stress] slot=3 round=29 acc=00000000000e3b0a GHIJ
going to insert process 4 to ready queue.
going to schedule process 5 to run.
[stress] slot=4 round=29 acc=0000000000065c21 HIJK
going to insert process 5 to ready queue.
going to schedule process 6 to run.
[stress] slot=5 round=29 acc=000000000005a40a IJKL
going to insert process 6 to ready queue.
going to schedule process 7 to run.
[stress] slot=6 round=29 acc=0000000000000c9d JKLM
going to insert process 7 to ready queue.
going to schedule process 8 to run.
[stress] slot=7 round=29 acc=00000000000ce1ae KLMN
going to insert process 8 to ready queue.
going to schedule process 9 to run.
[stress] slot=8 round=29 acc=00000000000cc2ec LMNO
going to insert process 9 to ready queue.
going to schedule process 10 to run.
[stress] slot=9 round=29 acc=000000000003798a MNOP
going to insert process 10 to ready queue.
going to schedule process 11 to run.
[stress] slot=10 round=29 acc=00000000000836c5 NOPQ
going to insert process 11 to ready queue.
going to schedule process 12 to run.
[stress] slot=11 round=29 acc=00000000000bf533 OPQR
going to insert process 12 to ready queue.
going to schedule process 13 to run.
[stress] slot=12 round=29 acc=00000000000646b9 PQRS
going to insert process 13 to ready queue.
going to schedule process 14 to run.
[stress] slot=13 round=29 acc=0000000000030117 QRST
going to insert process 14 to ready queue.
going to schedule process 15 to run.
[stress] slot=14 round=29 acc=00000000000cd917 RSTU
going to insert process 15 to ready queue.
going to schedule process 16 to run.
[stress] slot=15 round=29 acc=000000000005f096 STUV
going to insert process 16 to ready queue.
going to schedule process 17 to run.
[stress] slot=16 round=29 acc=0000000000015e11 TUVW
going to insert process 17 to ready queue.
going to schedule process 18 to run.
[stress] slot=17 round=29 acc=0000000000007e21 UVWX
going to insert process 18 to ready queue.
going to schedule process 19 to run.
[stress] slot=18 round=29 acc=000000000009845b VWXY
going to insert process 19 to ready queue.
going to schedule process 20 to run.
[stress] slot=19 round=29 acc=00000000000ad196 WXYZ
going to insert process 20 to ready queue.
going to schedule process 21 to run.
[stress] slot=20 round=29 acc=00000000000da4b8 XYZA
going to insert process 21 to ready queue.
going to schedule process 22 to run.
[stress] slot=21 round=29 acc=0000000000056f2a YZAB
going to insert process 22 to ready queue.
going to schedule process 23 to run.
[stress] slot=22 round=29 acc=0000000000032f77 ZABC
going to insert process 23 to ready queue.
going to schedule process 24 to run.
[stress] slot=23 round=29 acc=000000000003fd6e ABCD
going to insert process 24 to ready queue.
going to schedule process 25 to run.
[stress] slot=24 round=29 acc=0000000000034dbd BCDE
going to insert process 25 to ready queue.
going to schedule process 26 to run.
[stress] slot=25 round=29 acc=00000000000da9b6 CDEF
going to insert process 26 to ready queue.
going to schedule process 27 to run.
[stress] slot=26 round=29 acc=00000000000aa0bc DEFG
going to insert process 27 to ready queue.
going to schedule process 28 to run.
[stress] slot=27 round=29 acc=0000000000014641 EFGH
going to insert process 28 to ready queue.
going to schedule process 0 to run.
going to insert process 0 to ready queue.
going to schedule process 1 to run.
[stress] slot=0 round=30 acc=0000000000028436 EFGH
going to insert process 1 to ready queue.
going to schedule process 2 to run.
[stress] slot=1 round=30 acc=00000000000807d2 FGHI
going to insert process 2 to ready queue.
going to schedule process 3 to run.
[stress] slot=2 round=30 acc=00000000000b4f40 GHIJ
going to insert process 3 to ready queue.
going to schedule process 4 to run.
[stress] slot=3 round=30 acc=00000000000985d3 HIJK
going to insert process 4 to ready queue.
going to schedule process 5 to run.
[stress] slot=4 round=30 acc=000000000007ddf1 IJKL
going to insert process 5 to ready queue.
going to schedule process 6 to run.
[stress] slot=5 round=30 acc=00000000000b2b5e JKLM
going to insert process 6 to ready queue.
going to schedule process 7 to run.
[stress] slot=6 round=30 acc=00000000000cb255 KLMN
going to insert process 7 to ready queue.
going to schedule process 8 to run.
[stress] slot=7 round=30 acc=0000000000001459 LMNO
going to insert process 8 to ready queue.
going to schedule process 9 to run.
[stress] slot=8 round=30 acc=0000000000081e88 MNOP
going to insert process 9 to ready queue.
going to schedule process 10 to run.
[stress] slot=9 round=30 acc=00000000000b1370 NOPQ
going to insert process 10 to ready queue.
going to schedule process 11 to run.
[stress] slot=10 round=30 acc=00000000000888dc OPQR
going to insert process 11 to ready queue.
going to schedule process 12 to run.
[stress] slot=11 round=30 acc=0000000000056bf7 PQRS
going to insert process 12 to ready queue.
going to schedule process 13 to run.
[stress] slot=12 round=30 acc=000000000007625d QRST
going to insert process 13 to ready queue.
going to schedule process 14 to run.
[stress] slot=13 round=30 acc=000000000004aa09 RSTU
going to insert process 14 to ready queue.
going to schedule process 15 to run.
[stress] slot=14 round=30 acc=000000000003be6c STUV
going to insert process 15 to ready queue.
going to schedule process 16 to run.
[stress] slot=15 round=30 acc=0000000000003928 TUVW
going to insert process 16 to ready queue.
going to schedule process 17 to run.
[stress] slot=16 round=30 acc=0000000000006a30 UVWX
going to insert process 17 to ready queue.
going to schedule process 18 to run.
[stress] slot=17 round=30 acc=0000000000098409 VWXY
going to insert process 18 to ready queue.
going to schedule process 19 to run.
[stress] slot=18 round=30 acc=00000000000a8270 WXYZ
going to insert process 19 to ready queue.
going to schedule process 20 to run.
[stress] slot=19 round=30 acc=000000000001a0af XYZA
going to insert process 20 to ready queue.
going to schedule process 21 to run.
[stress] slot=20 round=30 acc=00000000000f00f2 YZAB
going to insert process 21 to ready queue.
going to schedule process 22 to run.
[stress] slot=21 round=30 acc=000000000008f65e ZABC
going to insert process 22 to ready queue.
going to schedule process 23 to run.
[stress] slot=22 round=30 acc=000000000008f197 ABCD
going to insert process 23 to ready queue.
going to schedule process 24 to run.
[stress] slot=23 round=30 acc=00000000000117fc BCDE
going to insert process 24 to ready queue.
going to schedule process 25 to run.
[stress] slot=24 round=30 acc=00000000000682ab CDEF
going to insert process 25 to ready queue.
going to schedule process 26 to run.
[stress] slot=25 round=30 acc=00000000000fd0fe DEFG
going to insert process 26 to ready queue.
going to schedule process 27 to run.
[stress] slot=26 round=30 acc=00000000000b0e9f EFGH
going to insert process 27 to ready queue.
going to schedule process 28 to run.
[stress] slot=27 round=30 acc=000000000004db5b FGHI
going to insert process 28 to ready queue.
going to schedule process 0 to run.
going to insert process 0 to ready queue.
going to schedule process 1 to run.
[stress] slot=0 round=31 acc=00000000000e227c FGHI
going to insert process 1 to ready queue.
going to schedule process 2 to run.
[stress] slot=1 round=31 acc=000000000005ea8b GHIJ
going to insert process 2 to ready queue.
going to schedule process 3 to run.
[stress] slot=2 round=31 acc=00000000000cbfd9 HIJK
going to insert process 3 to ready queue.
going to schedule process 4 to run.
[stress] slot=3 round=31 acc=0000000000085e60 IJKL
going to insert process 4 to ready queue.
going to schedule process 5 to run.
[stress] slot=4 round=31 acc=0000000000040194 JKLM
going to insert process 5 to ready queue.
going to schedule process 6 to run.
[stress] slot=5 round=31 acc=000000000008ffc5 KLMN
going to insert process 6 to ready queue.
going to schedule process 7 to run.
[stress] slot=6 round=31 acc=000000000000c89c LMNO
going to insert process 7 to ready queue.
going to schedule process 8 to run.
[stress] slot=7 round=31 acc=000000000007492a MNOP
going to insert process 8 to ready queue.
going to schedule process 9 to run.
[stress] slot=8 round=31 acc=00000000000e6085 NOPQ
going to insert process 9 to ready queue.
going to schedule process 10 to run.
[stress] slot=9 round=31 acc=00000000000c3486 OPQR
going to insert process 10 to ready queue.
going to schedule process 11 to run.
[stress] slot=10 round=31 acc=0000000000084602 PQRS
going to insert process 11 to ready queue.
going to schedule process 12 to run.
[stress] slot=11 round=31 acc=00000000000359dd QRST
going to insert process 12 to ready queue.
going to schedule process 13 to run.
[stress] slot=12 round=31 acc=000000000001695b RSTU
going to insert process 13 to ready queue.
going to schedule process 14 to run.
[stress] slot=13 round=31 acc=000000000005d71c STUV
going to insert process 14 to ready queue.
going to schedule process 15 to run.
[stress] slot=14 round=31 acc=000000000004c21e TUVW
going to insert process 15 to ready queue.
going to schedule process 16 to run.
[stress] slot=15 round=31 acc=00000000000cbc2d UVWX
going to insert process 16 to ready queue.
going to schedule process 17 to run.
[stress] slot=16 round=31 acc=000000000006bdff VWXY
going to insert process 17 to ready queue.
going to schedule process 18 to run.
[stress] slot=17 round=31 acc=00000000000ee311 WXYZ
going to insert process 18 to ready queue.
going to schedule process 19 to run.
[stress] slot=18 round=31 acc=000000000009eb77 XYZA
going to insert process 19 to ready queue.
going to schedule process 20 to run.
[stress] slot=19 round=31 acc=000000000002d489 YZAB
going to insert process 20 to ready queue.
going to schedule process 21 to run.
[stress] slot=20 round=31 acc=000000000007d737 ZABC
going to insert process 21 to ready queue.
going to schedule process 22 to run.
[stress] slot=21 round=31 acc=00000000000384f9 ABCD
going to insert process 22 to ready queue.
going to schedule process 23 to run.
[stress] slot=22 round=31 acc=000000000003bad3 BCDE
going to insert process 23 to ready queue.
going to schedule process 24 to run.
[stress] slot=23 round=31 acc=00000000000d298c CDEF
going to insert process 24 to ready queue.
going to schedule process 25 to run.
[stress] slot=24 round=31 acc=00000000000a00a3 DEFG
going to insert process 25 to ready queue.
going to schedule process 26 to run.
[stress] slot=25 round=31 acc=0000000000046ba5 EFGH
going to insert process 26 to ready queue.
going to schedule process 27 to run.
[stress] slot=26 round=31 acc=00000000000d297e FGHI
going to insert process 27 to ready queue.
going to schedule process 28 to run.
[stress] slot=27 round=31 acc=0000000000078b7a GHIJ
going to insert process 28 to ready queue.
going to schedule process 0 to run.
going to insert process 0 to ready queue.
going to schedule process 1 to run.
[stress] slot=0 round=32 acc=000000000000c1ea GHIJ
going to insert process 1 to ready queue.
going to schedule process 2 to run.
[stress] slot=1 round=32 acc=000000000006dbc8 HIJK
going to insert process 2 to ready queue.
going to schedule process 3 to run.
[stress] slot=2 round=32 acc=00000000000ec4ac IJKL
going to insert process 3 to ready queue.
going to schedule process 4 to run.
[stress] slot=3 round=32 acc=00000000000fabe7 JKLM
going to insert process 4 to ready queue.
going to schedule process 5 to run.
[stress] slot=4 round=32 acc=0000000000078821 KLMN
going to insert process 5 to ready queue.
going to schedule process 6 to run.
[stress] slot=5 round=32 acc=00000000000faff3 LMNO
going to insert process 6 to ready queue.
going to schedule process 7 to run.
[stress] slot=6 round=32 acc=0000000000095f7a MNOP
going to insert process 7 to ready queue.
going to schedule process 8 to run.
[stress] slot=7 round=32 acc=00000000000138a7 NOPQ
going to insert process 8 to ready queue.
going to schedule process 9 to run.
[stress] slot=8 round=32 acc=00000000000fdaf0 OPQR
going to insert process 9 to ready queue.
going to schedule process 10 to run.
[stress] slot=9 round=32 acc=00000000000b043a PQRS
going to insert process 10 to ready queue.
going to schedule process 11 to run.
[stress] slot=10 round=32 acc=00000000000751ce QRST
going to insert process 11 to ready queue.
going to schedule process 12 to run.
[stress] slot=11 round=32 acc=00000000000d8e40 RSTU
going to insert process 12 to ready queue.
going to schedule process 13 to run.
[stress] slot=12 round=32 acc=00000000000bda3e STUV
going to insert process 13 to ready queue.
going to schedule process 14 to run.
[stress] slot=13 round=32 acc=00000000000c5d8a TUVW
going to insert process 14 to ready queue.
going to schedule process 15 to run.
[stress] slot=14 round=32 acc=000000000009ac6e UVWX
going to insert process 15 to ready queue.
going to schedule process 16 to run.
[stress] slot=15 round=32 acc=0000000000095fa1 VWXY
going to insert process 16 to ready queue.
going to schedule process 17 to run.
[stress] slot=16 round=32 acc=00000000000f7ebb WXYZ
going to insert process 17 to ready queue.
going to schedule process 18 to run.
[stress] slot=17 round=32 acc=00000000000286a6 XYZA
going to insert process 18 to ready queue.
going to schedule process 19 to run.
[stress] slot=18 round=32 acc=00000000000d5724 YZAB
going to insert process 19 to ready queue.
going to schedule process 20 to run.
[stress] slot=19 round=32 acc=000000000003df9b ZABC
going to insert process 20 to ready queue.
going to schedule process 21 to run.
[stress] slot=20 round=32 acc=000000000001fd0e ABCD
going to insert process 21 to ready queue.
going to schedule process 22 to run.
[stress] slot=21 round=32 acc=0000000000072ff9 BCDE
going to insert process 22 to ready queue.
going to schedule process 23 to run.
[stress] slot=22 round=32 acc=0000000000014ab5 CDEF
going to insert process 23 to ready queue.
going to schedule process 24 to run.
[stress] slot=23 round=32 acc=00000000000f3293 DEFG
going to insert process 24 to ready queue.
going to schedule process 25 to run.
[stress] slot=24 round=32 acc=00000000000392d4 EFGH
going to insert process 25 to ready queue.
going to schedule process 26 to run.
[stress] slot=25 round=32 acc=00000000000c4446 FGHI
going to insert process 26 to ready queue.
going to schedule process 27 to run.
[stress] slot=26 round=32 acc=000000000005ecc3 GHIJ
going to insert process 27 to ready queue.
going to schedule process 28 to run.
[stress] slot=27 round=32 acc=00000000000c4c7d HIJK
going to insert process 28 to ready queue.
going to schedule process 0 to run.
going to insert process 0 to ready queue.
going to schedule process 1 to run.
[stress] slot=0 round=33 acc=0000000000079974 HIJK
going to insert process 1 to ready queue.
going to schedule process 2 to run.
[stress] slot=1 round=33 acc=00000000000fd896 IJKL
going to insert process 2 to ready queue.
going to schedule process 3 to run.
[stress] slot=2 round=33 acc=00000000000ffd7c JKLM
going to insert process 3 to ready queue.
going to schedule process 4 to run.
[stress] slot=3 round=33 acc=00000000000e2e2e KLMN
going to insert process 4 to ready queue.
going to schedule process 5 to run.
[stress] slot=4 round=33 acc=000000000005483c LMNO
going to insert process 5 to ready queue.
going to schedule process 6 to run.
[stress] slot=5 round=33 acc=0000000000009538 MNOP
going to insert process 6 to ready queue.
going to schedule process 7 to run.
[stress] slot=6 round=33 acc=00000000000b0a1f NOPQ
going to insert process 7 to ready queue.
going to schedule process 8 to run.
[stress] slot=7 round=33 acc=00000000000210a7 OPQR
going to insert process 8 to ready queue.
going to schedule process 9 to run.
[stress] slot=8 round=33 acc=00000000000c2f15 PQRS
going to insert process 9 to ready queue.
going to schedule process 10 to run.
[stress] slot=9 round=33 acc=00000000000ad685 QRST
going to insert process 10 to ready queue.
going to schedule process 11 to run.
[stress] slot=10 round=33 acc=00000000000ab28c RSTU
going to insert process 11 to ready queue.
going to schedule process 12 to run.
[stress] slot=11 round=33 acc=0000000000009b82 STUV
going to insert process 12 to ready queue.
going to schedule process 13 to run.
[stress] slot=12 round=33 acc=000000000007fc54 TUVW
going to insert process 13 to ready queue.
going to schedule process 14 to run.
[stress] slot=13 round=33 acc=00000000000618bb UVWX
going to insert process 14 to ready queue.
going to schedule process 15 to run.
[stress] slot=14 round=33 acc=00000000000b0f77 VWXY
going to insert process 15 to ready queue.
going to schedule process 16 to run.
[stress] slot=15 round=33 acc=00000000000d0639 WXYZ
going to insert process 16 to ready queue.
going to schedule process 17 to run.
[stress] slot=16 round=33 acc=00000000000604bd XYZA
going to insert process 17 to ready queue.
going to schedule process 18 to run.
[stress] slot=17 round=33 acc=00000000000310fc YZAB
going to insert process 18 to ready queue.
going to schedule process 19 to run.
[stress] slot=18 round=33 acc=00000000000c5ff0 ZABC
going to insert process 19 to ready queue.
going to schedule process 20 to run.
[stress] slot=19 round=33 acc=00000000000ed7fc ABCD
going to insert process 20 to ready queue.
going to schedule process 21 to run.
[stress] slot=20 round=33 acc=00000000000ee36e BCDE
going to insert process 21 to ready queue.
going to schedule process 22 to run.
[stress] slot=21 round=33 acc=00000000000f1df3 CDEF
going to insert process 22 to ready queue.
going to schedule process 23 to run.
[stress] slot=22 round=33 acc=00000000000f23ed DEFG
going to insert process 23 to ready queue.
going to schedule process 24 to run.
[stress] slot=23 round=33 acc=000000000005de7e EFGH
going to insert process 24 to ready queue.
going to schedule process 25 to run.
[stress] slot=24 round=33 acc=00000000000622aa FGHI
going to insert process 25 to ready queue.
going to schedule process 26 to run.
[stress] slot=25 round=33 acc=000000000001d531 GHIJ
going to insert process 26 to ready queue.
going to schedule process 27 to run.
[stress] slot=26 round=33 acc=000000000007d25b HIJK
going to insert process 27 to ready queue.
going to schedule process 28 to run.
[stress] slot=27 round=33 acc=00000000000b78a4 IJKL
going to insert process 28 to ready queue.
going to schedule process 0 to run.
going to insert process 0 to ready queue.
going to schedule process 1 to run.
[stress] slot=0 round=34 acc=000000000004f2c6 IJKL
going to insert process 1 to ready queue.
going to schedule process 2 to run.
[stress] slot=1 round=34 acc=0000000000007ac1 JKLM
going to insert process 2 to ready queue.
going to schedule process 3 to run.
[stress] slot=2 round=34 acc=00000000000d9adb KLMN
going to insert process 3 to ready queue.
going to schedule process 4 to run.
[stress] slot=3 round=34 acc=000000000000bacb LMNO
going to insert process 4 to ready queue.
going to schedule process 5 to run.
[stress] slot=4 round=34 acc=0000000000083521 MNOP
going to insert process 5 to ready queue.
going to schedule process 6 to run.
[stress] slot=5 round=34 acc=0000000000080d46 NOPQ
going to insert process 6 to ready queue.
going to schedule process 7 to run.
[stress] slot=6 round=34 acc=00000000000c19ff OPQR
going to insert process 7 to ready queue.
going to schedule process 8 to run.
[stress] slot=7 round=34 acc=00000000000f7d78 PQRS
going to insert process 8 to ready queue.
going to schedule process 9 to run.
[stress] slot=8 round=34 acc=00000000000b018e QRST
going to insert process 9 to ready queue.
going to schedule process 10 to run.
Ticks 5
going to insert process 10 to ready queue.
going to schedule process 11 to run.
[stress] slot=10 round=34 acc=00000000000ff437 STUV
going to insert process 11 to ready queue.
going to schedule process 12 to run.
[stress] slot=11 round=34 acc=00000000000c6382 TUVW
going to insert process 12 to ready queue.
going to schedule process 13 to run.
[stress] slot=12 round=34 acc=000000000004719e UVWX
going to insert process 13 to ready queue.
going to schedule process 14 to run.
[stress] slot=13 round=34 acc=00000000000e07e2 VWXY
going to insert process 14 to ready queue.
going to schedule process 15 to run.
[stress] slot=14 round=34 acc=00000000000daf82 WXYZ
going to insert process 15 to ready queue.
going to schedule process 16 to run.
[stress] slot=15 round=34 acc=00000000000b8015 XYZA
going to insert process 16 to ready queue.
going to schedule process 17 to run.
[stress] slot=16 round=34 acc=0000000000052d9e YZAB
going to insert process 17 to ready queue.
going to schedule process 18 to run.
[stress] slot=17 round=34 acc=0000000000051cc7 ZABC
going to insert process 18 to ready queue.
going to schedule process 19 to run.
[stress] slot=18 round=34 acc=000000000009ba37 ABCD
going to insert process 19 to ready queue.
going to schedule process 20 to run.
[stress] slot=19 round=34 acc=00000000000f2174 BCDE
going to insert process 20 to ready queue.
going to schedule process 21 to run.
[stress] slot=20 round=34 acc=000000000008b93c CDEF
going to insert process 21 to ready queue.
going to schedule process 22 to run.
[stress] slot=21 round=34 acc=000000000007fd38 DEFG
going to insert process 22 to ready queue.
going to schedule process 23 to run.
[stress] slot=22 round=34 acc=00000000000b744e EFGH
going to insert process 23 to ready queue.
going to schedule process 24 to run.
[stress] slot=23 round=34 acc=00000000000d7631 FGHI
going to insert process 24 to ready queue.
going to schedule process 25 to run.
[stress] slot=24 round=34 acc=00000000000f0d05 GHIJ
going to insert process 25 to ready queue.
going to schedule process 26 to run.
[stress] slot=25 round=34 acc=000000000009fcf2 HIJK
going to insert process 26 to ready queue.
going to schedule process 27 to run.
[stress] slot=26 round=34 acc=000000000006fc08 IJKL
going to insert process 27 to ready queue.
going to schedule process 28 to run.
[stress] slot=27 round=34 acc=000000000008e669 JKLM
going to insert process 28 to ready queue.
going to schedule process 0 to run.
going to insert process 0 to ready queue.
going to schedule process 1 to run.
[stress] slot=0 round=35 acc=0000000000073196 JKLM
going to insert process 1 to ready queue.
going to schedule process 2 to run.
[stress] slot=1 round=35 acc=00000000000cfbd7 KLMN
going to insert process 2 to ready queue.
going to schedule process 3 to run.
[stress] slot=2 round=35 acc=000000000009f9c8 LMNO
going to insert process 3 to ready queue.
going to schedule process 4 to run.
[stress] slot=3 round=35 acc=0000000000002045 MNOP
going to insert process 4 to ready queue.
going to schedule process 5 to run.
[stress] slot=4 round=35 acc=000000000004f597 NOPQ
going to insert process 5 to ready queue.
going to schedule process 6 to run.
[stress] slot=5 round=35 acc=000000000003abde OPQR
going to insert process 6 to ready queue.
going to schedule process 7 to run.
[stress] slot=6 round=35 acc=00000000000d379d PQRS
going to insert process 7 to ready queue.
going to schedule process 8 to run.
[stress] slot=7 round=35 acc=0000000000052cf8 QRST
going to insert process 8 to ready queue.
going to schedule process 9 to run.
[stress] slot=8 round=35 acc=00000000000e053f RSTU
going to insert process 9 to ready queue.
going to schedule process 10 to run.
[stress] slot=9 round=34 acc=00000000000b99d5 RSTU
going to insert process 10 to ready queue.
going to schedule process 11 to run.
[stress] slot=10 round=35 acc=0000000000064c93 TUVW
going to insert process 11 to ready queue.
going to schedule process 12 to run.
[stress] slot=11 round=35 acc=00000000000d566c UVWX
going to insert process 12 to ready queue.
going to schedule process 13 to run.
[stress] slot=12 round=35 acc=000000000007c220 VWXY
going to insert process 13 to ready queue.
going to schedule process 14 to run.
[stress] slot=13 round=35 acc=00000000000d163b WXYZ
going to insert process 14 to ready queue.
going to schedule process 15 to run.
[stress] slot=14 round=35 acc=0000000000023344 XYZA
going to insert process 15 to ready queue.
going to schedule process 16 to run.
[stress] slot=15 round=35 acc=000000000005d5c4 YZAB
going to insert process 16 to ready queue.
going to schedule process 17 to run.
[stress] slot=16 round=35 acc=000000000006ebfe ZABC
going to insert process 17 to ready queue.
going to schedule process 18 to run.
[stress] slot=17 round=35 acc=000000000002ce60 ABCD
going to insert process 18 to ready queue.
going to schedule process 19 to run.
[stress] slot=18 round=35 acc=0000000000090e0e BCDE
going to insert process 19 to ready queue.
going to schedule process 20 to run.
[stress] slot=19 round=35 acc=00000000000d93a3 CDEF
going to insert process 20 to ready queue.
going to schedule process 21 to run.
[stress] slot=20 round=35 acc=0000000000030532 DEFG
going to insert process 21 to ready queue.
going to schedule process 22 to run.
[stress] slot=21 round=35 acc=0000000000069da2 EFGH
going to insert process 22 to ready queue.
going to schedule process 23 to run.
[stress] slot=22 round=35 acc=000000000001de78 FGHI
going to insert process 23 to ready queue.
going to schedule process 24 to run.
[stress] slot=23 round=35 acc=00000000000a5b4d GHIJ
going to insert process 24 to ready queue.
going to schedule process 25 to run.
[stress] slot=24 round=35 acc=00000000000e42bd HIJK
going to insert process 25 to ready queue.
going to schedule process 26 to run.
[stress] slot=25 round=35 acc=000000000002fde7 IJKL
going to insert process 26 to ready queue.
going to schedule process 27 to run.
[stress] slot=26 round=35 acc=00000000000887c4 JKLM
going to insert process 27 to ready queue.
going to schedule process 28 to run.
[stress] slot=27 round=35 acc=0000000000059849 KLMN
going to insert process 28 to ready queue.
going to schedule process 0 to run.
going to insert process 0 to ready queue.
going to schedule process 1 to run.
[stress] slot=0 round=36 acc=00000000000bd567 KLMN
going to insert process 1 to ready queue.
going to schedule process 2 to run.
[stress] slot=1 round=36 acc=000000000008a364 LMNO
going to insert process 2 to ready queue.
going to schedule process 3 to run.
[stress] slot=2 round=36 acc=00000000000584f5 MNOP
going to insert process 3 to ready queue.
going to schedule process 4 to run.
[stress] slot=3 round=36 acc=00000000000ba68e NOPQ
going to insert process 4 to ready queue.
going to schedule process 5 to run.
[stress] slot=4 round=36 acc=000000000001159a OPQR
going to insert process 5 to ready queue.
going to schedule process 6 to run.
[stress] slot=5 round=36 acc=000000000007b965 PQRS
going to insert process 6 to ready queue.
going to schedule process 7 to run.
[stress] slot=6 round=36 acc=0000000000039d4e QRST
going to insert process 7 to ready queue.
going to schedule process 8 to run.
[stress] slot=7 round=36 acc=00000000000b01e9 RSTU
going to insert process 8 to ready queue.
going to schedule process 9 to run.
[stress] slot=8 round=36 acc=000000000000a994 STUV
going to insert process 9 to ready queue.
going to schedule process 10 to run.
[stress] slot=9 round=35 acc=00000000000c3c40 STUV
going to insert process 10 to ready queue.
going to schedule process 11 to run.
[stress] slot=10 round=36 acc=00000000000c4690 UVWX
going to insert process 11 to ready queue.
going to schedule process 12 to run.
[stress] slot=11 round=36 acc=00000000000aebc2 VWXY
going to insert process 12 to ready queue.
going to schedule process 13 to run.
[stress] slot=12 round=36 acc=00000000000b30d7 WXYZ
going to insert process 13 to ready queue.
going to schedule process 14 to run.
[stress] slot=13 round=36 acc=0000000000061838 XYZA
going to insert process 14 to ready queue.
going to schedule process 15 to run.
[stress] slot=14 round=36 acc=000000000001a5a0 YZAB
going to insert process 15 to ready queue.
going to schedule process 16 to run.
[stress] slot=15 round=36 acc=00000000000aa7db ZABC
going to insert process 16 to ready queue.
going to schedule process 17 to run.
[stress] slot=16 round=36 acc=00000000000773c2 ABCD
going to insert process 17 to ready queue.
going to schedule process 18 to run.
[stress] slot=17 round=36 acc=0000000000073166 BCDE
going to insert process 18 to ready queue.
going to schedule process 19 to run.
[stress] slot=18 round=36 acc=000000000007c832 CDEF
going to insert process 19 to ready queue.
going to schedule process 20 to run.
[stress] slot=19 round=36 acc=0000000000036fca DEFG
going to insert process 20 to ready queue.
going to schedule process 21 to run.
[stress] slot=20 round=36 acc=00000000000e36b3 EFGH
going to insert process 21 to ready queue.
going to schedule process 22 to run.
[stress] slot=21 round=36 acc=0000000000098c20 FGHI
going to insert process 22 to ready queue.
going to schedule process 23 to run.
[stress] slot=22 round=36 acc=0000000000020653 GHIJ
going to insert process 23 to ready queue.
going to schedule process 24 to run.
[stress] slot=23 round=36 acc=000000000001ea9e HIJK
going to insert process 24 to ready queue.
going to schedule process 25 to run.
[stress] slot=24 round=36 acc=000000000005630e IJKL
going to insert process 25 to ready queue.
going to schedule process 26 to run.
[stress] slot=25 round=36 acc=00000000000c99c4 JKLM
going to insert process 26 to ready queue.
going to schedule process 27 to run.
[stress] slot=26 round=36 acc=000000000008c1e0 KLMN
going to insert process 27 to ready queue.
going to schedule process 28 to run.
[stress] slot=27 round=36 acc=00000000000ffba8 LMNO
going to insert process 28 to ready queue.
going to schedule process 0 to run.
going to insert process 0 to ready queue.
going to schedule process 1 to run.
[stress] slot=0 round=37 acc=000000000001304a LMNO
going to insert process 1 to ready queue.
going to schedule process 2 to run.
[stress] slot=1 round=37 acc=000000000004fb87 MNOP
going to insert process 2 to ready queue.
going to schedule process 3 to run.
[stress] slot=2 round=37 acc=000000000005f6db NOPQ
going to insert process 3 to ready queue.
going to schedule process 4 to run.
[stress] slot=3 round=37 acc=00000000000bfbf4 OPQR
going to insert process 4 to ready queue.
going to schedule process 5 to run.
[stress] slot=4 round=37 acc=000000000009f5ce PQRS
going to insert process 5 to ready queue.
going to schedule process 6 to run.
[stress] slot=5 round=37 acc=0000000000009b9b QRST
going to insert process 6 to ready queue.
going to schedule process 7 to run.
[stress] slot=6 round=37 acc=0000000000032d93 RSTU
going to insert process 7 to ready queue.
going to schedule process 8 to run.
[stress] slot=7 round=37 acc=000000000008d570 STUV
going to insert process 8 to ready queue.
going to schedule process 9 to run.
[stress] slot=8 round=37 acc=00000000000c8597 TUVW
going to insert process 9 to ready queue.
going to schedule process 10 to run.
[stress] slot=9 round=36 acc=000000000002815e TUVW
going to insert process 10 to ready queue.
going to schedule process 11 to run.
[stress] slot=10 round=37 acc=00000000000bd92d VWXY
going to insert process 11 to ready queue.
going to schedule process 12 to run.
[stress] slot=11 round=37 acc=0000000000011757 WXYZ
going to insert process 12 to ready queue.
going to schedule process 13 to run.
[stress] slot=12 round=37 acc=00000000000fdc69 XYZA
going to insert process 13 to ready queue.
going to schedule process 14 to run.
[stress] slot=13 round=37 acc=00000000000da1df YZAB
going to insert process 14 to ready queue.
going to schedule process 15 to run.
[stress] slot=14 round=37 acc=00000000000cf058 ZABC
going to insert process 15 to ready queue.
going to schedule process 16 to run.
[stress] slot=15 round=37 acc=00000000000f5e6b ABCD
going to insert process 16 to ready queue.
going to schedule process 17 to run.
[stress] slot=16 round=37 acc=00000000000ae4c2 BCDE
going to insert process 17 to ready queue.
going to schedule process 18 to run.
[stress] slot=17 round=37 acc=000000000003dc88 CDEF
going to insert process 18 to ready queue.
going to schedule process 19 to run.
[stress] slot=18 round=37 acc=00000000000221dc DEFG
going to insert process 19 to ready queue.
going to schedule process 20 to run.
[stress] slot=19 round=37 acc=000000000001037c EFGH
going to insert process 20 to ready queue.
going to schedule process 21 to run.
[stress] slot=20 round=37 acc=000000000007ec69 FGHI
going to insert process 21 to ready queue.
going to schedule process 22 to run.
[stress] slot=21 round=37 acc=0000000000008f30 GHIJ
going to insert process 22 to ready queue.
going to schedule process 23 to run.
[stress] slot=22 round=37 acc=00000000000afef2 HIJK
going to insert process 23 to ready queue.
going to schedule process 24 to run.
[stress] slot=23 round=37 acc=000000000008273d IJKL
going to insert process 24 to ready queue.
going to schedule process 25 to run.
[stress] slot=24 round=37 acc=00000000000a34b7 JKLM
going to insert process 25 to ready queue.
going to schedule process 26 to run.
[stress] slot=25 round=37 acc=000000000004d1f0 KLMN
going to insert process 26 to ready queue.
going to schedule process 27 to run.
[stress] slot=26 round=37 acc=0000000000056b89 LMNO
going to insert process 27 to ready queue.
going to schedule process 28 to run.
[stress] slot=27 round=37 acc=00000000000bd4f1 MNOP
going to insert process 28 to ready queue.
going to schedule process 0 to run.
going to insert process 0 to ready queue.
going to schedule process 1 to run.
[stress] slot=0 round=38 acc=0000000000036fb8 MNOP
going to insert process 1 to ready queue.
going to schedule process 2 to run.
[stress] slot=1 round=38 acc=000000000007c9ce NOPQ
going to insert process 2 to ready queue.
going to schedule process 3 to run.
[stress] slot=2 round=38 acc=00000000000f49cc OPQR
going to insert process 3 to ready queue.
going to schedule process 4 to run.
[stress] slot=3 round=38 acc=000000000001d890 PQRS
going to insert process 4 to ready queue.
going to schedule process 5 to run.
[stress] slot=4 round=38 acc=000000000003f516 QRST
going to insert process 5 to ready queue.
going to schedule process 6 to run.
[stress] slot=5 round=38 acc=00000000000e2224 RSTU
going to insert process 6 to ready queue.
going to schedule process 7 to run.
[stress] slot=6 round=38 acc=000000000000296a STUV
going to insert process 7 to ready queue.
going to schedule process 8 to run.
[stress] slot=7 round=38 acc=00000000000a3be1 TUVW
going to insert process 8 to ready queue.
going to schedule process 9 to run.
[stress] slot=8 round=38 acc=000000000003a777 UVWX
going to insert process 9 to ready queue.
going to schedule process 10 to run.
[stress] slot=9 round=37 acc=0000000000006bea UVWX
going to insert process 10 to ready queue.
going to schedule process 11 to run.
[stress] slot=10 round=38 acc=00000000000a876e WXYZ
going to insert process 11 to ready queue.
going to schedule process 12 to run.
[stress] slot=11 round=38 acc=00000000000edf22 XYZA
going to insert process 12 to ready queue.
going to schedule process 13 to run.
[stress] slot=12 round=38 acc=0000000000029d2a YZAB
going to insert process 13 to ready queue.
going to schedule process 14 to run.
[stress] slot=13 round=38 acc=00000000000af789 ZABC
going to insert process 14 to ready queue.
going to schedule process 15 to run.
[stress] slot=14 round=38 acc=000000000009ca53 ABCD
going to insert process 15 to ready queue.
going to schedule process 16 to run.
[stress] slot=15 round=38 acc=00000000000eaa1f BCDE
going to insert process 16 to ready queue.
going to schedule process 17 to run.
[stress] slot=16 round=38 acc=000000000005fb23 CDEF
going to insert process 17 to ready queue.
going to schedule process 18 to run.
[stress] slot=17 round=38 acc=00000000000fdf94 DEFG
going to insert process 18 to ready queue.
going to schedule process 19 to run.
[stress] slot=18 round=38 acc=00000000000d9eb1 EFGH
going to insert process 19 to ready queue.
going to schedule process 20 to run.
[stress] slot=19 round=38 acc=00000000000b62dc FGHI
going to insert process 20 to ready queue.
going to schedule process 21 to run.
[stress] slot=20 round=38 acc=00000000000f898e GHIJ
going to insert process 21 to ready queue.
going to schedule process 22 to run.
[stress] slot=21 round=38 acc=0000000000049a59 HIJK
going to insert process 22 to ready queue.
going to schedule process 23 to run.
[stress] slot=22 round=38 acc=00000000000a1498 IJKL
going to insert process 23 to ready queue.
going to schedule process 24 to run.
[stress] slot=23 round=38 acc=00000000000d6061 JKLM
going to insert process 24 to ready queue.
going to schedule process 25 to run.
[stress] slot=24 round=38 acc=00000000000a1abc KLMN
going to insert process 25 to ready queue.
going to schedule process 26 to run.
[stress] slot=25 round=38 acc=000000000006402d LMNO
going to insert process 26 to ready queue.
going to schedule process 27 to run.
[stress] slot=26 round=38 acc=00000000000e6b6a MNOP
going to insert process 27 to ready queue.
going to schedule process 28 to run.
[stress] slot=27 round=38 acc=000000000004234d NOPQ
going to insert process 28 to ready queue.
going to schedule process 0 to run.
going to insert process 0 to ready queue.
going to schedule process 1 to run.
[stress] slot=0 round=39 acc=00000000000de453 NOPQ
going to insert process 1 to ready queue.
going to schedule process 2 to run.
[stress] slot=1 round=39 acc=000000000001f264 OPQR
going to insert process 2 to ready queue.
going to schedule process 3 to run.
[stress] slot=2 round=39 acc=00000000000b1803 PQRS
going to insert process 3 to ready queue.
going to schedule process 4 to run.
[stress] slot=3 round=39 acc=000000000007c51c QRST
going to insert process 4 to ready queue.
going to schedule process 5 to run.
[stress] slot=4 round=39 acc=000000000003ec9e RSTU
going to insert process 5 to ready queue.
going to schedule process 6 to run.
[stress] slot=5 round=39 acc=000000000006682d STUV
going to insert process 6 to ready queue.
going to schedule process 7 to run.
[stress] slot=6 round=39 acc=0000000000016a0a TUVW
going to insert process 7 to ready queue.
going to schedule process 8 to run.
[stress] slot=7 round=39 acc=00000000000423ae UVWX
going to insert process 8 to ready queue.
going to schedule process 9 to run.
[stress] slot=8 round=39 acc=0000000000061b3d VWXY
going to insert process 9 to ready queue.
going to schedule process 10 to run.
[stress] slot=9 round=38 acc=0000000000072d37 VWXY
going to insert process 10 to ready queue.
going to schedule process 11 to run.
[stress] slot=10 round=39 acc=00000000000b1012 XYZA
going to insert process 11 to ready queue.
going to schedule process 12 to run.
[stress] slot=11 round=39 acc=000000000008aafd YZAB
going to insert process 12 to ready queue.
going to schedule process 13 to run.
[stress] slot=12 round=39 acc=000000000006cdd4 ZABC
going to insert process 13 to ready queue.
going to schedule process 14 to run.
[stress] slot=13 round=39 acc=000000000005f556 ABCD
going to insert process 14 to ready queue.
going to schedule process 15 to run.
[stress] slot=14 round=39 acc=00000000000f8dcf BCDE
going to insert process 15 to ready queue.
going to schedule process 16 to run.
[stress] slot=15 round=39 acc=0000000000024c4b CDEF
going to insert process 16 to ready queue.
going to schedule process 17 to run.
[stress] slot=16 round=39 acc=00000000000de428 DEFG
going to insert process 17 to ready queue.
going to schedule process 18 to run.
[stress] slot=17 round=39 acc=00000000000ae268 EFGH
going to insert process 18 to ready queue.
going to schedule process 19 to run.
[stress] slot=18 round=39 acc=0000000000008cc9 FGHI
going to insert process 19 to ready queue.
going to schedule process 20 to run.
[stress] slot=19 round=39 acc=0000000000005b3d GHIJ
going to insert process 20 to ready queue.
going to schedule process 21 to run.
[stress] slot=20 round=39 acc=0000000000003131 HIJK
going to insert process 21 to ready queue.
going to schedule process 22 to run.
[stress] slot=21 round=39 acc=00000000000dd860 IJKL
going to insert process 22 to ready queue.
going to schedule process 23 to run.
[stress] slot=22 round=39 acc=0000000000016b3b JKLM
going to insert process 23 to ready queue.
going to schedule process 24 to run.
[stress] slot=23 round=39 acc=0000000000081f34 KLMN
going to insert process 24 to ready queue.
going to schedule process 25 to run.
[stress] slot=24 round=39 acc=0000000000077985 LMNO
going to insert process 25 to ready queue.
going to schedule process 26 to run.
[stress] slot=25 round=39 acc=000000000006ee3b MNOP
going to insert process 26 to ready queue.
going to schedule process 27 to run.
[stress] slot=26 round=39 acc=0000000000047589 NOPQ
going to insert process 27 to ready queue.
going to schedule process 28 to run.
[stress] slot=27 round=39 acc=00000000000a2654 OPQR
going to insert process 28 to ready queue.
going to schedule process 0 to run.
going to insert process 0 to ready queue.
going to schedule process 1 to run.
[stress] slot=0 round=40 acc=0000000000002fb6 OPQR
going to insert process 1 to ready queue.
going to schedule process 2 to run.
[stress] slot=1 round=40 acc=0000000000043a1b PQRS
going to insert process 2 to ready queue.
going to schedule process 3 to run.
[stress] slot=2 round=40 acc=0000000000073cc5 QRST
going to insert process 3 to ready queue.
going to schedule process 4 to run.
[stress] slot=3 round=40 acc=00000000000e7dca RSTU
going to insert process 4 to ready queue.
going to schedule process 5 to run.
[stress] slot=4 round=40 acc=00000000000683a1 STUV
going to insert process 5 to ready queue.
going to schedule process 6 to run.
Ticks 6
[stress] slot=5 round=40 acc=00000000000cb52c TUVW
going to insert process 6 to ready queue.
going to schedule process 7 to run.
[stress] slot=6 round=40 acc=000000000009f5bb UVWX
going to insert process 7 to ready queue.
going to schedule process 8 to run.
[stress] slot=7 round=40 acc=000000000001aafa VWXY
going to insert process 8 to ready queue.
going to schedule process 9 to run.
[stress] slot=8 round=40 acc=000000000001940d WXYZ
going to insert process 9 to ready queue.
going to schedule process 10 to run.
[stress] slot=9 round=39 acc=000000000004a9bd WXYZ
going to insert process 10 to ready queue.
going to schedule process 11 to run.
[stress] slot=10 round=40 acc=00000000000e9e98 YZAB
going to insert process 11 to ready queue.
going to schedule process 12 to run.
[stress] slot=11 round=40 acc=0000000000034a4c ZABC
going to insert process 12 to ready queue.
going to schedule process 13 to run.
[stress] slot=12 round=40 acc=00000000000cdb0e ABCD
going to insert process 13 to ready queue.
going to schedule process 14 to run.
[stress] slot=13 round=40 acc=00000000000e9910 BCDE
going to insert process 14 to ready queue.
going to schedule process 15 to run.
[stress] slot=14 round=40 acc=0000000000077d56 CDEF
going to insert process 15 to ready queue.
going to schedule process 16 to run.
[stress] slot=15 round=40 acc=00000000000c257f DEFG
going to insert process 16 to ready queue.
going to schedule process 17 to run.
[stress] slot=16 round=40 acc=0000000000084fd9 EFGH
going to insert process 17 to ready queue.
going to schedule process 18 to run.
[stress] slot=17 round=40 acc=000000000005921c FGHI
going to insert process 18 to ready queue.
going to schedule process 19 to run.
[stress] slot=18 round=40 acc=000000000006d889 GHIJ
going to insert process 19 to ready queue.
going to schedule process 20 to run.
[stress] slot=19 round=40 acc=0000000000042218 HIJK
going to insert process 20 to ready queue.
going to schedule process 21 to run.
[stress] slot=20 round=40 acc=00000000000a407f IJKL
going to insert process 21 to ready queue.
going to schedule process 22 to run.
[stress] slot=21 round=40 acc=00000000000b9840 JKLM
going to insert process 22 to ready queue.
going to schedule process 23 to run.
[stress] slot=22 round=40 acc=00000000000e3448 KLMN
going to insert process 23 to ready queue.
going to schedule process 24 to run.
[stress] slot=23 round=40 acc=0000000000031220 LMNO
going to insert process 24 to ready queue.
going to schedule process 25 to run.
[stress] slot=24 round=40 acc=000000000005d7c5 MNOP
going to insert process 25 to ready queue.
going to schedule process 26 to run.
[stress] slot=25 round=40 acc=0000000000037b96 NOPQ
going to insert process 26 to ready queue.
going to schedule process 27 to run.
[stress] slot=26 round=40 acc=000000000002bbe5 OPQR
going to insert process 27 to ready queue.
going to schedule process 28 to run.
[stress] slot=27 round=40 acc=00000000000c50fa PQRS
going to insert process 28 to ready queue.
going to schedule process 0 to run.
going to insert process 0 to ready queue.
going to schedule process 1 to run.
[stress] slot=0 round=41 acc=0000000000016632 PQRS
going to insert process 1 to ready queue.
going to schedule process 2 to run.
[stress] slot=1 round=41 acc=000000000008f983 QRST
going to insert process 2 to ready queue.
going to schedule process 3 to run.
[stress] slot=2 round=41 acc=00000000000441f2 RSTU
going to insert process 3 to ready queue.
going to schedule process 4 to run.
[stress] slot=3 round=41 acc=000000000000e1be STUV
going to insert process 4 to ready queue.
going to schedule process 5 to run.
[stress] slot=4 round=41 acc=00000000000b98d1 TUVW
going to insert process 5 to ready queue.
going to schedule process 6 to run.
[stress] slot=5 round=41 acc=00000000000b1e29 UVWX
going to insert process 6 to ready queue.
going to schedule process 7 to run.
[stress] slot=6 round=41 acc=000000000009ed8e VWXY
going to insert process 7 to ready queue.
going to schedule process 8 to run.
[stress] slot=7 round=41 acc=0000000000043316 WXYZ
going to insert process 8 to ready queue.
going to schedule process 9 to run.
[stress] slot=8 round=41 acc=0000000000017ca7 XYZA
going to insert process 9 to ready queue.
going to schedule process 10 to run.
[stress] slot=9 round=40 acc=00000000000003fa XYZA
going to insert process 10 to ready queue.
going to schedule process 11 to run.
[stress] slot=10 round=41 acc=000000000008fd23 ZABC
going to insert process 11 to ready queue.
going to schedule process 12 to run.
[stress] slot=11 round=41 acc=000000000000bc13 ABCD
going to insert process 12 to ready queue.
going to schedule process 13 to run.
[stress] slot=12 round=41 acc=0000000000077a67 BCDE
going to insert process 13 to ready queue.
going to schedule process 14 to run.
[stress] slot=13 round=41 acc=000000000000c9d7 CDEF
going to insert process 14 to ready queue.
going to schedule process 15 to run.
[stress] slot=14 round=41 acc=00000000000c5fe6 DEFG
going to insert process 15 to ready queue.
going to schedule process 16 to run.
[stress] slot=15 round=41 acc=000000000007a411 EFGH
going to insert process 16 to ready queue.
going to schedule process 17 to run.
[stress] slot=16 round=41 acc=000000000002edc6 FGHI
going to insert process 17 to ready queue.
going to schedule process 18 to run.
[stress] slot=17 round=41 acc=0000000000040224 GHIJ
going to insert process 18 to ready queue.
going to schedule process 19 to run.
[stress] slot=18 round=41 acc=0000000000089c7c HIJK
going to insert process 19 to ready queue.
going to schedule process 20 to run.
[stress] slot=19 round=41 acc=00000000000f1a4b IJKL
going to insert process 20 to ready queue.
going to schedule process 21 to run.
[stress] slot=20 round=41 acc=00000000000080d8 JKLM
going to insert process 21 to ready queue.
going to schedule process 22 to run.
[stress] slot=21 round=41 acc=00000000000265cf KLMN
going to insert process 22 to ready queue.
going to schedule process 23 to run.
[stress] slot=22 round=41 acc=00000000000978f0 LMNO
going to insert process 23 to ready queue.
going to schedule process 24 to run.
[stress] slot=23 round=41 acc=00000000000bf3ca MNOP
going to insert process 24 to ready queue.
going to schedule process 25 to run.
[stress] slot=24 round=41 acc=00000000000eb2c0 NOPQ
going to insert process 25 to ready queue.
going to schedule process 26 to run.
[stress] slot=25 round=41 acc=00000000000a2b0b OPQR
going to insert process 26 to ready queue.
going to schedule process 27 to run.
[stress] slot=26 round=41 acc=000000000002747d PQRS
going to insert process 27 to ready queue.
going to schedule process 28 to run.
[stress] slot=27 round=41 acc=0000000000002bfc QRST
going to insert process 28 to ready queue.
going to schedule process 0 to run.
going to insert process 0 to ready queue.
going to schedule process 1 to run.
[stress] slot=0 round=42 acc=00000000000db802 QRST
going to insert process 1 to ready queue.
going to schedule process 2 to run.
[stress] slot=1 round=42 acc=0000000000059db4 RSTU
going to insert process 2 to ready queue.
going to schedule process 3 to run.
[stress] slot=2 round=42 acc=000000000003e51a STUV
going to insert process 3 to ready queue.
going to schedule process 4 to run.
[stress] slot=3 round=42 acc=00000000000d5e22 TUVW
going to insert process 4 to ready queue.
going to schedule process 5 to run.
[stress] slot=4 round=42 acc=000000000006b0f3 UVWX
going to insert process 5 to ready queue.
going to schedule process 6 to run.
[stress] slot=5 round=42 acc=00000000000f7a9c VWXY
going to insert process 6 to ready queue.
going to schedule process 7 to run.
[stress] slot=6 round=42 acc=0000000000056841 WXYZ
going to insert process 7 to ready queue.
going to schedule process 8 to run.
[stress] slot=7 round=42 acc=00000000000570fe XYZA
going to insert process 8 to ready queue.
going to schedule process 9 to run.
[stress] slot=8 round=42 acc=000000000009689d YZAB
going to insert process 9 to ready queue.
going to schedule process 10 to run.
[stress] slot=9 round=41 acc=00000000000959ba YZAB
going to insert process 10 to ready queue.
going to schedule process 11 to run.
[stress] slot=10 round=42 acc=00000000000d4b07 ABCD
going to insert process 11 to ready queue.
going to schedule process 12 to run.
[stress] slot=11 round=42 acc=000000000000a6b3 BCDE
going to insert process 12 to ready queue.
going to schedule process 13 to run.
[stress] slot=12 round=42 acc=000000000009bde6 CDEF
going to insert process 13 to ready queue.
going to schedule process 14 to run.
[stress] slot=13 round=42 acc=0000000000083414 DEFG
going to insert process 14 to ready queue.
going to schedule process 15 to run.
[stress] slot=14 round=42 acc=000000000005cd1f EFGH
going to insert process 15 to ready queue.
going to schedule process 16 to run.
[stress] slot=15 round=42 acc=00000000000ded21 FGHI
going to insert process 16 to ready queue.
going to schedule process 17 to run.
[stress] slot=16 round=42 acc=00000000000c50dc GHIJ
going to insert process 17 to ready queue.
going to schedule process 18 to run.
[stress] slot=17 round=42 acc=0000000000001fd1 HIJK
going to insert process 18 to ready queue.
going to schedule process 19 to run.
[stress] slot=18 round=42 acc=000000000007b949 IJKL
going to insert process 19 to ready queue.
going to schedule process 20 to run.
[stress] slot=19 round=42 acc=0000000000032fd2 JKLM
going to insert process 20 to ready queue.
going to schedule process 21 to run.
[stress] slot=20 round=42 acc=000000000006466b KLMN
going to insert process 21 to ready queue.
going to schedule process 22 to run.
[stress] slot=21 round=42 acc=00000000000595c8 LMNO
going to insert process 22 to ready queue.
going to schedule process 23 to run.
[stress] slot=22 round=42 acc=00000000000c43b5 MNOP
going to insert process 23 to ready queue.
going to schedule process 24 to run.
[stress] slot=23 round=42 acc=0000000000021319 NOPQ
going to insert process 24 to ready queue.
going to schedule process 25 to run.
[stress] slot=24 round=42 acc=000000000006927f OPQR
going to insert process 25 to ready queue.
going to schedule process 26 to run.
[stress] slot=25 round=42 acc=0000000000025f0e PQRS
going to insert process 26 to ready queue.
going to schedule process 27 to run.
[stress] slot=26 round=42 acc=00000000000ab756 QRST
going to insert process 27 to ready queue.
going to schedule process 28 to run.
[stress] slot=27 round=42 acc=0000000000071815 RSTU
going to insert process 28 to ready queue.
going to schedule process 0 to run.
going to insert process 0 to ready queue.
going to schedule process 1 to run.
[stress] slot=0 round=43 acc=00000000000467cb RSTU
going to insert process 1 to ready queue.
going to schedule process 2 to run.
[stress] slot=1 round=43 acc=0000000000026cc1 STUV
going to insert process 2 to ready queue.
going to schedule process 3 to run.
[stress] slot=2 round=43 acc=00000000000208b1 TUVW
going to insert process 3 to ready queue.
going to schedule process 4 to run.
[stress] slot=3 round=43 acc=0000000000002022 UVWX
going to insert process 4 to ready queue.
going to schedule process 5 to run.
[stress] slot=4 round=43 acc=00000000000eac6b VWXY
going to insert process 5 to ready queue.
going to schedule process 6 to run.
[stress] slot=5 round=43 acc=000000000006ff8b WXYZ
going to insert process 6 to ready queue.
going to schedule process 7 to run.
[stress] slot=6 round=43 acc=000000000009dc0c XYZA
going to insert process 7 to ready queue.
going to schedule process 8 to run.
[stress] slot=7 round=43 acc=00000000000a3b18 YZAB
going to insert process 8 to ready queue.
going to schedule process 9 to run.
[stress] slot=8 round=43 acc=000000000004e3bc ZABC
going to insert process 9 to ready queue.
going to schedule process 10 to run.
[stress] slot=9 round=42 acc=00000000000b72af ZABC
going to insert process 10 to ready queue.
going to schedule process 11 to run.
[stress] slot=10 round=43 acc=00000000000b7379 BCDE
going to insert process 11 to ready queue.
going to schedule process 12 to run.
[stress] slot=11 round=43 acc=00000000000c11c9 CDEF
going to insert process 12 to ready queue.
going to schedule process 13 to run.
[stress] slot=12 round=43 acc=000000000008dead DEFG
going to insert process 13 to ready queue.
going to schedule process 14 to run.
[stress] slot=13 round=43 acc=00000000000ff3b8 EFGH
going to insert process 14 to ready queue.
going to schedule process 15 to run.
[stress] slot=14 round=43 acc=000000000002f9a0 FGHI
going to insert process 15 to ready queue.
going to schedule process 16 to run.
[stress] slot=15 round=43 acc=00000000000b56d6 GHIJ
going to insert process 16 to ready queue.
going to schedule process 17 to run.
[stress] slot=16 round=43 acc=0000000000061e20 HIJK
going to insert process 17 to ready queue.
going to schedule process 18 to run.
[stress] slot=17 round=43 acc=000000000007bb0f IJKL
going to insert process 18 to ready queue.
going to schedule process 19 to run.
[stress] slot=18 round=43 acc=0000000000028170 JKLM
going to insert process 19 to ready queue.
going to schedule process 20 to run.
[stress] slot=19 round=43 acc=00000000000d23d8 KLMN
going to insert process 20 to ready queue.
going to schedule process 21 to run.
[stress] slot=20 round=43 acc=0000000000046d33 LMNO
going to insert process 21 to ready queue.
going to schedule process 22 to run.
[stress] slot=21 round=43 acc=00000000000669b8 MNOP
going to insert process 22 to ready queue.
going to schedule process 23 to run.
[stress] slot=22 round=43 acc=00000000000a55c6 NOPQ
going to insert process 23 to ready queue.
going to schedule process 24 to run.
[stress] slot=23 round=43 acc=00000000000d345a OPQR
going to insert process 24 to ready queue.
going to schedule process 25 to run.
[stress] slot=24 round=43 acc=000000000002c6d9 PQRS
going to insert process 25 to ready queue.
going to schedule process 26 to run.
[stress] slot=25 round=43 acc=000000000005dda9 QRST
going to insert process 26 to ready queue.
going to schedule process 27 to run.
[stress] slot=26 round=43 acc=0000000000059d4b RSTU
going to insert process 27 to ready queue.
going to schedule process 28 to run.
[stress] slot=27 round=43 acc=0000000000008810 STUV
going to insert process 28 to ready queue.
going to schedule process 0 to run.
going to insert process 0 to ready queue.
going to schedule process 1 to run.
[stress] slot=0 round=44 acc=000000000004b5fd STUV
going to insert process 1 to ready queue.
going to schedule process 2 to run.
[stress] slot=1 round=44 acc=00000000000f6edd TUVW
going to insert process 2 to ready queue.
going to schedule process 3 to run.
[stress] slot=2 round=44 acc=0000000000026a57 UVWX
going to insert process 3 to ready queue.
going to schedule process 4 to run.
[stress] slot=3 round=44 acc=000000000008b6ae VWXY
going to insert process 4 to ready queue.
going to schedule process 5 to run.
[stress] slot=4 round=44 acc=00000000000286c6 WXYZ
going to insert process 5 to ready queue.
going to schedule process 6 to run.
[stress] slot=5 round=44 acc=0000000000085df2 XYZA
going to insert process 6 to ready queue.
going to schedule process 7 to run.
[stress] slot=6 round=44 acc=000000000005641f YZAB
going to insert process 7 to ready queue.
going to schedule process 8 to run.
[stress] slot=7 round=44 acc=00000000000121e5 ZABC
going to insert process 8 to ready queue.
going to schedule process 9 to run.
[stress] slot=8 round=44 acc=00000000000204a5 ABCD
going to insert process 9 to ready queue.
going to schedule process 10 to run.
[stress] slot=9 round=43 acc=0000000000084b3f ABCD
going to insert process 10 to ready queue.
going to schedule process 11 to run.
[stress] slot=10 round=44 acc=00000000000afb5f CDEF
going to insert process 11 to ready queue.
going to schedule process 12 to run.
[stress] slot=11 round=44 acc=00000000000cdc65 DEFG
going to insert process 12 to ready queue.
going to schedule process 13 to run.
[stress] slot=12 round=44 acc=00000000000d0c32 EFGH
going to insert process 13 to ready queue.
going to schedule process 14 to run.
[stress] slot=13 round=44 acc=00000000000acb66 FGHI
going to insert process 14 to ready queue.
going to schedule process 15 to run.
[stress] slot=14 round=44 acc=0000000000051ba8 GHIJ
going to insert process 15 to ready queue.
going to schedule process 16 to run.
[stress] slot=15 round=44 acc=00000000000a44a8 HIJK
going to insert process 16 to ready queue.
going to schedule process 17 to run.
[stress] slot=16 round=44 acc=000000000001a49a IJKL
going to insert process 17 to ready queue.
going to schedule process 18 to run.
[stress] slot=17 round=44 acc=00000000000cac45 JKLM
going to insert process 18 to ready queue.
going to schedule process 19 to run.
[stress] slot=18 round=44 acc=000000000009b137 KLMN
going to insert process 19 to ready queue.
going to schedule process 20 to run.
[stress] slot=19 round=44 acc=000000000008927d LMNO
going to insert process 20 to ready queue.
going to schedule process 21 to run.
[stress] slot=20 round=44 acc=0000000000098b3c MNOP
going to insert process 21 to ready queue.
going to schedule process 22 to run.
[stress] slot=21 round=44 acc=0000000000056c27 NOPQ
going to insert process 22 to ready queue.
going to schedule process 23 to run.
[stress] slot=22 round=44 acc=00000000000a78a2 OPQR
going to insert process 23 to ready queue.
going to schedule process 24 to run.
[stress] slot=23 round=44 acc=000000000008c4a1 PQRS
going to insert process 24 to ready queue.
going to schedule process 25 to run.
[stress] slot=24 round=44 acc=00000000000b034b QRST
going to insert process 25 to ready queue.
going to schedule process 26 to run.
[stress] slot=25 round=44 acc=00000000000e9a92 RSTU
going to insert process 26 to ready queue.
going to schedule process 27 to run.
[stress] slot=26 round=44 acc=00000000000c1796 STUV
going to insert process 27 to ready queue.
going to schedule process 28 to run.
[stress] slot=27 round=44 acc=00000000000e6dc0 TUVW
going to insert process 28 to ready queue.
going to schedule process 0 to run.
going to insert process 0 to ready queue.
going to schedule process 1 to run.
[stress] slot=0 round=45 acc=00000000000032c7 TUVW
going to insert process 1 to ready queue.
going to schedule process 2 to run.
[stress] slot=1 round=45 acc=0000000000041eb8 UVWX
going to insert process 2 to ready queue.
going to schedule process 3 to run.
[stress] slot=2 round=45 acc=00000000000bf3ae VWXY
going to insert process 3 to ready queue.
going to schedule process 4 to run.
[stress] slot=3 round=45 acc=00000000000eb502 WXYZ
going to insert process 4 to ready queue.
going to schedule process 5 to run.
[stress] slot=4 round=45 acc=00000000000ff233 XYZA
going to insert process 5 to ready queue.
going to schedule process 6 to run.
[stress] slot=5 round=45 acc=000000000001e5a3 YZAB
going to insert process 6 to ready queue.
going to schedule process 7 to run.
[stress] slot=6 round=45 acc=000000000004e408 ZABC
going to insert process 7 to ready queue.
going to schedule process 8 to run.
[stress] slot=7 round=45 acc=0000000000099a1b ABCD
going to insert process 8 to ready queue.
going to schedule process 9 to run.
[stress] slot=8 round=45 acc=000000000008856b BCDE
going to insert process 9 to ready queue.
going to schedule process 10 to run.
[stress] slot=9 round=44 acc=00000000000ac5e9 BCDE
going to insert process 10 to ready queue.
going to schedule process 11 to run.
[stress] slot=10 round=45 acc=000000000007fa2d DEFG
going to insert process 11 to ready queue.
going to schedule process 12 to run.
[stress] slot=11 round=45 acc=000000000003a9be EFGH
going to insert process 12 to ready queue.
going to schedule process 13 to run.
[stress] slot=12 round=45 acc=0000000000057af4 FGHI
going to insert process 13 to ready queue.
going to schedule process 14 to run.
[stress] slot=13 round=45 acc=00000000000e1029 GHIJ
going to insert process 14 to ready queue.
going to schedule process 15 to run.
[stress] slot=14 round=45 acc=00000000000b0f17 HIJK
going to insert process 15 to ready queue.
going to schedule process 16 to run.
[stress] slot=15 round=45 acc=00000000000138b0 IJKL
going to insert process 16 to ready queue.
going to schedule process 17 to run.
[stress] slot=16 round=45 acc=00000000000ed3b5 JKLM
going to insert process 17 to ready queue.
going to schedule process 18 to run.
[stress] slot=17 round=45 acc=0000000000015bd5 KLMN
going to insert process 18 to ready queue.
going to schedule process 19 to run.
[stress] slot=18 round=45 acc=0000000000023012 LMNO
going to insert process 19 to ready queue.
going to schedule process 20 to run.
[stress] slot=19 round=45 acc=00000000000d2a10 MNOP
going to insert process 20 to ready queue.
going to schedule process 21 to run.
[stress] slot=20 round=45 acc=00000000000652f1 NOPQ
going to insert process 21 to ready queue.
going to schedule process 22 to run.
[stress] slot=21 round=45 acc=000000000000f994 OPQR
going to insert process 22 to ready queue.
going to schedule process 23 to run.
[stress] slot=22 round=45 acc=000000000000e758 PQRS
going to insert process 23 to ready queue.
going to schedule process 24 to run.
[stress] slot=23 round=45 acc=000000000000b818 QRST
going to insert process 24 to ready queue.
going to schedule process 25 to run.
[stress] slot=24 round=45 acc=000000000003cd3e RSTU
going to insert process 25 to ready queue.
going to schedule process 26 to run.
[stress] slot=25 round=45 acc=00000000000a5ac9 STUV
going to insert process 26 to ready queue.
going to schedule process 27 to run.
[stress] slot=26 round=45 acc=0000000000066363 TUVW
going to insert process 27 to ready queue.
going to schedule process 28 to run.
Ticks 7
[stress] slot=27 round=45 acc=00000000000708a7 UVWX
going to insert process 28 to ready queue.
going to schedule process 0 to run.
going to insert process 0 to ready queue.
going to schedule process 1 to run.
[stress] slot=0 round=46 acc=00000000000b4f96 UVWX
going to insert process 1 to ready queue.
going to schedule process 2 to run.
[stress] slot=1 round=46 acc=0000000000006862 VWXY
going to insert process 2 to ready queue.
going to schedule process 3 to run.
[stress] slot=2 round=46 acc=00000000000793df WXYZ
going to insert process 3 to ready queue.
going to schedule process 4 to run.
[stress] slot=3 round=46 acc=00000000000ae11d XYZA
going to insert process 4 to ready queue.
going to schedule process 5 to run.
[stress] slot=4 round=46 acc=000000000009f10b YZAB
going to insert process 5 to ready queue.
going to schedule process 6 to run.
[stress] slot=5 round=46 acc=0000000000012fd1 ZABC
going to insert process 6 to ready queue.
going to schedule process 7 to run.
[stress] slot=6 round=46 acc=0000000000005897 ABCD
going to insert process 7 to ready queue.
going to schedule process 8 to run.
[stress] slot=7 round=46 acc=0000000000066e49 BCDE
going to insert process 8 to ready queue.
going to schedule process 9 to run.
[stress] slot=8 round=46 acc=00000000000a604c CDEF
going to insert process 9 to ready queue.
going to schedule process 10 to run.
[stress] slot=9 round=45 acc=0000000000074601 CDEF
going to insert process 10 to ready queue.
going to schedule process 11 to run.
[stress] slot=10 round=46 acc=000000000008479a EFGH
going to insert process 11 to ready queue.
going to schedule process 12 to run.
[stress] slot=11 round=46 acc=000000000004bb9e FGHI
going to insert process 12 to ready queue.
going to schedule process 13 to run.
[stress] slot=12 round=46 acc=0000000000074e55 GHIJ
going to insert process 13 to ready queue.
going to schedule process 14 to run.
[stress] slot=13 round=46 acc=0000000000014fec HIJK
going to insert process 14 to ready queue.
going to schedule process 15 to run.
[stress] slot=14 round=46 acc=000000000007a192 IJKL
going to insert process 15 to ready queue.
going to schedule process 16 to run.
[stress] slot=15 round=46 acc=00000000000fcf8a JKLM
going to insert process 16 to ready queue.
going to schedule process 17 to run.
[stress] slot=16 round=46 acc=00000000000c366d KLMN
going to insert process 17 to ready queue.
going to schedule process 18 to run.
[stress] slot=17 round=46 acc=00000000000debc6 LMNO
going to insert process 18 to ready queue.
going to schedule process 19 to run.
[stress] slot=18 round=46 acc=00000000000f7f4b MNOP
going to insert process 19 to ready queue.
going to schedule process 20 to run.
[stress] slot=19 round=46 acc=00000000000d0270 NOPQ
going to insert process 20 to ready queue.
going to schedule process 21 to run.
[stress] slot=20 round=46 acc=0000000000010d91 OPQR
going to insert process 21 to ready queue.
going to schedule process 22 to run.
[stress] slot=21 round=46 acc=00000000000d44fe PQRS
going to insert process 22 to ready queue.
going to schedule process 23 to run.
[stress] slot=22 round=46 acc=0000000000016034 QRST
going to insert process 23 to ready queue.
going to schedule process 24 to run.
[stress] slot=23 round=46 acc=0000000000075362 RSTU
going to insert process 24 to ready queue.
going to schedule process 25 to run.
[stress] slot=24 round=46 acc=00000000000d46c4 STUV
going to insert process 25 to ready queue.
going to schedule process 26 to run.
[stress] slot=25 round=46 acc=00000000000b0b41 TUVW
going to insert process 26 to ready queue.
going to schedule process 27 to run.
[stress] slot=26 round=46 acc=00000000000302e9 UVWX
going to insert process 27 to ready queue.
going to schedule process 28 to run.
[stress] slot=27 round=46 acc=0000000000027c9f VWXY
going to insert process 28 to ready queue.
going to schedule process 0 to run.
going to insert process 0 to ready queue.
going to schedule process 1 to run.
[stress] slot=0 round=47 acc=00000000000c4325 VWXY
going to insert process 1 to ready queue.
going to schedule process 2 to run.
[stress] slot=1 round=47 acc=00000000000b18aa WXYZ
going to insert process 2 to ready queue.
going to schedule process 3 to run.
[stress] slot=2 round=47 acc=00000000000ff1c6 XYZA
going to insert process 3 to ready queue.
going to schedule process 4 to run.
[stress] slot=3 round=47 acc=0000000000067a0b YZAB
going to insert process 4 to ready queue.
going to schedule process 5 to run.
[stress] slot=4 round=47 acc=0000000000008293 ZABC
going to insert process 5 to ready queue.
going to schedule process 6 to run.
[stress] slot=5 round=47 acc=000000000000fb6d ABCD
going to insert process 6 to ready queue.
going to schedule process 7 to run.
[stress] slot=6 round=47 acc=00000000000a9d6b BCDE
going to insert process 7 to ready queue.
going to schedule process 8 to run.
[stress] slot=7 round=47 acc=00000000000eea39 CDEF
going to insert process 8 to ready queue.
going to schedule process 9 to run.
[stress] slot=8 round=47 acc=0000000000091451 DEFG
going to insert process 9 to ready queue.
going to schedule process 10 to run.
[stress] slot=9 round=46 acc=00000000000a5a9d DEFG
going to insert process 10 to ready queue.
going to schedule process 11 to run.
[stress] slot=10 round=47 acc=00000000000e9e6d FGHI
going to insert process 11 to ready queue.
going to schedule process 12 to run.
[stress] slot=11 round=47 acc=00000000000f8370 GHIJ
going to insert process 12 to ready queue.
going to schedule process 13 to run.
[stress] slot=12 round=47 acc=00000000000b615b HIJK
going to insert process 13 to ready queue.
going to schedule process 14 to run.
[stress] slot=13 round=47 acc=0000000000055873 IJKL
going to insert process 14 to ready queue.
going to schedule process 15 to run.
[stress] slot=14 round=47 acc=00000000000239f3 JKLM
going to insert process 15 to ready queue.
going to schedule process 16 to run.
[stress] slot=15 round=47 acc=00000000000ff4fc KLMN
going to insert process 16 to ready queue.
going to schedule process 17 to run.
[stress] slot=16 round=47 acc=0000000000000c05 LMNO
going to insert process 17 to ready queue.
going to schedule process 18 to run.
[stress] slot=17 round=47 acc=0000000000087b35 MNOP
going to insert process 18 to ready queue.
going to schedule process 19 to run.
[stress] slot=18 round=47 acc=00000000000ba8ce NOPQ
going to insert process 19 to ready queue.
going to schedule process 20 to run.
[stress] slot=19 round=47 acc=000000000008a9ac OPQR
going to insert process 20 to ready queue.
going to schedule process 21 to run.
[stress] slot=20 round=47 acc=00000000000d12fb PQRS
going to insert process 21 to ready queue.
going to schedule process 22 to run.
[stress] slot=21 round=47 acc=00000000000555af QRST
going to insert process 22 to ready queue.
going to schedule process 23 to run.
[stress] slot=22 round=47 acc=00000000000bca32 RSTU
going to insert process 23 to ready queue.
going to schedule process 24 to run.
[stress] slot=23 round=47 acc=00000000000d8431 STUV
going to insert process 24 to ready queue.
going to schedule process 25 to run.
[stress] slot=24 round=47 acc=000000000007c450 TUVW
going to insert process 25 to ready queue.
going to schedule process 26 to run.
[stress] slot=25 round=47 acc=00000000000a4814 UVWX
going to insert process 26 to ready queue.
going to schedule process 27 to run.
[stress] slot=26 round=47 acc=000000000005f04b VWXY
going to insert process 27 to ready queue.
going to schedule process 28 to run.
[stress] slot=27 round=47 acc=00000000000aed0a WXYZ
going to insert process 28 to ready queue.
going to schedule process 0 to run.
going to insert process 0 to ready queue.
going to schedule process 1 to run.
[stress] slot=0 round=48 acc=000000000000ae54 WXYZ
going to insert process 1 to ready queue.
going to schedule process 2 to run.
[stress] slot=1 round=48 acc=00000000000936c7 XYZA
going to insert process 2 to ready queue.
going to schedule process 3 to run.
[stress] slot=2 round=48 acc=0000000000079e28 YZAB
going to insert process 3 to ready queue.
going to schedule process 4 to run.
[stress] slot=3 round=48 acc=00000000000e0142 ZABC
going to insert process 4 to ready queue.
going to schedule process 5 to run.
[stress] slot=4 round=48 acc=0000000000052b3b ABCD
going to insert process 5 to ready queue.
going to schedule process 6 to run.
[stress] slot=5 round=48 acc=000000000003efcf BCDE
going to insert process 6 to ready queue.
going to schedule process 7 to run.
[stress] slot=6 round=48 acc=00000000000acff4 CDEF
going to insert process 7 to ready queue.
going to schedule process 8 to run.
[stress] slot=7 round=48 acc=0000000000047c32 DEFG
going to insert process 8 to ready queue.
going to schedule process 9 to run.
[stress] slot=8 round=48 acc=000000000007dd47 EFGH
going to insert process 9 to ready queue.
going to schedule process 10 to run.
[stress] slot=9 round=47 acc=0000000000038748 EFGH
going to insert process 10 to ready queue.
going to schedule process 11 to run.
[stress] slot=10 round=48 acc=0000000000082dd2 GHIJ
going to insert process 11 to ready queue.
going to schedule process 12 to run.
[stress] slot=11 round=48 acc=00000000000bca8b HIJK
going to insert process 12 to ready queue.
going to schedule process 13 to run.
[stress] slot=12 round=48 acc=00000000000bb1e3 IJKL
going to insert process 13 to ready queue.
going to schedule process 14 to run.
[stress] slot=13 round=48 acc=0000000000056ddb JKLM
going to insert process 14 to ready queue.
going to schedule process 15 to run.
[stress] slot=14 round=48 acc=00000000000ffdae KLMN
going to insert process 15 to ready queue.
going to schedule process 16 to run.
[stress] slot=15 round=48 acc=0000000000087b0a LMNO
going to insert process 16 to ready queue.
going to schedule process 17 to run.
[stress] slot=16 round=48 acc=000000000003c0d5 MNOP
going to insert process 17 to ready queue.
going to schedule process 18 to run.
[stress] slot=17 round=48 acc=00000000000bd387 NOPQ
going to insert process 18 to ready queue.
going to schedule process 19 to run.
[stress] slot=18 round=48 acc=000000000002a28f OPQR
going to insert process 19 to ready queue.
going to schedule process 20 to run.
[stress] slot=19 round=48 acc=00000000000693d4 PQRS
going to insert process 20 to ready queue.
going to schedule process 21 to run.
[stress] slot=20 round=48 acc=0000000000051f75 QRST
going to insert process 21 to ready queue.
going to schedule process 22 to run.
[stress] slot=21 round=48 acc=00000000000e45fa RSTU
going to insert process 22 to ready queue.
going to schedule process 23 to run.
[stress] slot=22 round=48 acc=00000000000d0a56 STUV
going to insert process 23 to ready queue.
going to schedule process 24 to run.
[stress] slot=23 round=48 acc=000000000001736f TUVW
going to insert process 24 to ready queue.
going to schedule process 25 to run.
[stress] slot=24 round=48 acc=00000000000c757f UVWX
going to insert process 25 to ready queue.
going to schedule process 26 to run.
[stress] slot=25 round=48 acc=000000000006940e VWXY
going to insert process 26 to ready queue.
going to schedule process 27 to run.
[stress] slot=26 round=48 acc=0000000000026d69 WXYZ
going to insert process 27 to ready queue.
going to schedule process 28 to run.
[stress] slot=27 round=48 acc=00000000000a1a63 XYZA
going to insert process 28 to ready queue.
going to schedule process 0 to run.
going to insert process 0 to ready queue.
going to schedule process 1 to run.
[stress] slot=0 round=49 acc=00000000000a031b XYZA
going to insert process 1 to ready queue.
going to schedule process 2 to run.
[stress] slot=1 round=49 acc=000000000009d192 YZAB
going to insert process 2 to ready queue.
going to schedule process 3 to run.
[stress] slot=2 round=49 acc=000000000009c419 ZABC
going to insert process 3 to ready queue.
going to schedule process 4 to run.
[stress] slot=3 round=49 acc=000000000001a1b8 ABCD
going to insert process 4 to ready queue.
going to schedule process 5 to run.
[stress] slot=4 round=49 acc=000000000004d94b BCDE
going to insert process 5 to ready queue.
going to schedule process 6 to run.
[stress] slot=5 round=49 acc=000000000000af18 CDEF
going to insert process 6 to ready queue.
going to schedule process 7 to run.
[stress] slot=6 round=49 acc=000000000009c097 DEFG
going to insert process 7 to ready queue.
going to schedule process 8 to run.
[stress] slot=7 round=49 acc=0000000000059074 EFGH
going to insert process 8 to ready queue.
going to schedule process 9 to run.
[stress] slot=8 round=49 acc=000000000003c243 FGHI
going to insert process 9 to ready queue.
going to schedule process 10 to run.
[stress] slot=9 round=48 acc=0000000000050642 FGHI
going to insert process 10 to ready queue.
going to schedule process 11 to run.
[stress] slot=10 round=49 acc=000000000002aeab HIJK
going to insert process 11 to ready queue.
going to schedule process 12 to run.
[stress] slot=11 round=49 acc=000000000008fdf7 IJKL
going to insert process 12 to ready queue.
going to schedule process 13 to run.
[stress] slot=12 round=49 acc=00000000000b78e4 JKLM
going to insert process 13 to ready queue.
going to schedule process 14 to run.
[stress] slot=13 round=49 acc=000000000008f90d KLMN
going to insert process 14 to ready queue.
going to schedule process 15 to run.
[stress] slot=14 round=49 acc=0000000000024c0b LMNO
going to insert process 15 to ready queue.
going to schedule process 16 to run.
[stress] slot=15 round=49 acc=00000000000020cb MNOP
going to insert process 16 to ready queue.
going to schedule process 17 to run.
[stress] slot=16 round=49 acc=00000000000c87f3 NOPQ
going to insert process 17 to ready queue.
going to schedule process 18 to run.
[stress] slot=17 round=49 acc=00000000000d4405 OPQR
going to insert process 18 to ready queue.
going to schedule process 19 to run.
[stress] slot=18 round=49 acc=000000000006482a PQRS
going to insert process 19 to ready queue.
going to schedule process 20 to run.
[stress] slot=19 round=49 acc=000000000002691f QRST
going to insert process 20 to ready queue.
going to schedule process 21 to run.
[stress] slot=20 round=49 acc=00000000000f3c1a RSTU
going to insert process 21 to ready queue.
going to schedule process 22 to run.
[stress] slot=21 round=49 acc=000000000002df6d STUV
going to insert process 22 to ready queue.
going to schedule process 23 to run.
[stress] slot=22 round=49 acc=0000000000098592 TUVW
going to insert process 23 to ready queue.
going to schedule process 24 to run.
[stress] slot=23 round=49 acc=00000000000cbb24 UVWX
going to insert process 24 to ready queue.
going to schedule process 25 to run.
[stress] slot=24 round=49 acc=000000000002acfe VWXY
going to insert process 25 to ready queue.
going to schedule process 26 to run.
[stress] slot=25 round=49 acc=0000000000060ddb WXYZ
going to insert process 26 to ready queue.
going to schedule process 27 to run.
[stress] slot=26 round=49 acc=00000000000d5b2f XYZA
going to insert process 27 to ready queue.
going to schedule process 28 to run.
[stress] slot=27 round=49 acc=000000000008bd98 YZAB
going to insert process 28 to ready queue.
going to schedule process 0 to run.
going to insert process 0 to ready queue.
going to schedule process 1 to run.
[stress] slot=0 round=50 acc=00000000000f0a25 YZAB
going to insert process 1 to ready queue.
going to schedule process 2 to run.
[stress] slot=1 round=50 acc=000000000000c55a ZABC
going to insert process 2 to ready queue.
going to schedule process 3 to run.
[stress] slot=2 round=50 acc=00000000000b2778 ABCD
going to insert process 3 to ready queue.
going to schedule process 4 to run.
[stress] slot=3 round=50 acc=00000000000dcfb4 BCDE
going to insert process 4 to ready queue.
going to schedule process 5 to run.
[stress] slot=4 round=50 acc=000000000002ab2e CDEF
going to insert process 5 to ready queue.
going to schedule process 6 to run.
[stress] slot=5 round=50 acc=00000000000ea3a5 DEFG
going to insert process 6 to ready queue.
going to schedule process 7 to run.
[stress] slot=6 round=50 acc=0000000000081aaa EFGH
going to insert process 7 to ready queue.
going to schedule process 8 to run.
[stress] slot=7 round=50 acc=000000000003f95a FGHI
going to insert process 8 to ready queue.
going to schedule process 9 to run.
[stress] slot=8 round=50 acc=000000000004e244 GHIJ
going to insert process 9 to ready queue.
going to schedule process 10 to run.
[stress] slot=9 round=49 acc=0000000000086d20 GHIJ
going to insert process 10 to ready queue.
going to schedule process 11 to run.
[stress] slot=10 round=50 acc=000000000004328a IJKL
going to insert process 11 to ready queue.
going to schedule process 12 to run.
[stress] slot=11 round=50 acc=0000000000049e95 JKLM
going to insert process 12 to ready queue.
going to schedule process 13 to run.
[stress] slot=12 round=50 acc=000000000009d60d KLMN
going to insert process 13 to ready queue.
going to schedule process 14 to run.
[stress] slot=13 round=50 acc=00000000000bad2a LMNO
going to insert process 14 to ready queue.
going to schedule process 15 to run.
[stress] slot=14 round=50 acc=00000000000b2664 MNOP
going to insert process 15 to ready queue.
going to schedule process 16 to run.
[stress] slot=15 round=50 acc=000000000002b09b NOPQ
going to insert process 16 to ready queue.
going to schedule process 17 to run.
[stress] slot=16 round=50 acc=00000000000f7b7c OPQR
going to insert process 17 to ready queue.
going to schedule process 18 to run.
[stress] slot=17 round=50 acc=000000000003e8a0 PQRS
going to insert process 18 to ready queue.
going to schedule process 19 to run.
[stress] slot=18 round=50 acc=00000000000f5e27 QRST
going to insert process 19 to ready queue.
going to schedule process 20 to run.
[stress] slot=19 round=50 acc=00000000000336a4 RSTU
going to insert process 20 to ready queue.
going to schedule process 21 to run.
[stress] slot=20 round=50 acc=0000000000008c4a STUV
going to insert process 21 to ready queue.
going to schedule process 22 to run.
[stress] slot=21 round=50 acc=00000000000374f4 TUVW
going to insert process 22 to ready queue.
going to schedule process 23 to run.
[stress] slot=22 round=50 acc=000000000008fa0a UVWX
going to insert process 23 to ready queue.
going to schedule process 24 to run.
[stress] slot=23 round=50 acc=00000000000af9d5 VWXY
going to insert process 24 to ready queue.
going to schedule process 25 to run.
[stress] slot=24 round=50 acc=00000000000aa4b3 WXYZ
going to insert process 25 to ready queue.
going to schedule process 26 to run.
[stress] slot=25 round=50 acc=00000000000a0ad8 XYZA
going to insert process 26 to ready queue.
going to schedule process 27 to run.
[stress] slot=26 round=50 acc=0000000000026b64 YZAB
going to insert process 27 to ready queue.
going to schedule process 28 to run.
[stress] slot=27 round=50 acc=00000000000eea31 ZABC
going to insert process 28 to ready queue.
going to schedule process 0 to run.
going to insert process 0 to ready queue.
going to schedule process 1 to run.
[stress] slot=0 round=51 acc=0000000000016cb7 ZABC
going to insert process 1 to ready queue.
going to schedule process 2 to run.
[stress] slot=1 round=51 acc=000000000001b2c7 ABCD
going to insert process 2 to ready queue.
going to schedule process 3 to run.
[stress] slot=2 round=51 acc=0000000000034577 BCDE
going to insert process 3 to ready queue.
going to schedule process 4 to run.
[stress] slot=3 round=51 acc=0000000000016633 CDEF
going to insert process 4 to ready queue.
going to schedule process 5 to run.
[stress] slot=4 round=51 acc=00000000000b916a DEFG
going to insert process 5 to ready queue.
going to schedule process 6 to run.
[stress] slot=5 round=51 acc=0000000000089cdf EFGH
going to insert process 6 to ready queue.
going to schedule process 7 to run.
[stress] slot=6 round=51 acc=00000000000ee314 FGHI
going to insert process 7 to ready queue.
going to schedule process 8 to run.
[stress] slot=7 round=51 acc=00000000000bcf38 GHIJ
going to insert process 8 to ready queue.
going to schedule process 9 to run.
[stress] slot=8 round=51 acc=00000000000b631e HIJK
going to insert process 9 to ready queue.
going to schedule process 10 to run.
[stress] slot=9 round=50 acc=0000000000086924 HIJK
going to insert process 10 to ready queue.
going to schedule process 11 to run.
[stress] slot=10 round=51 acc=0000000000005ad2 JKLM
going to insert process 11 to ready queue.
going to schedule process 12 to run.
[stress] slot=11 round=51 acc=0000000000028e8f KLMN
going to insert process 12 to ready queue.
going to schedule process 13 to run.
[stress] slot=12 round=51 acc=00000000000d846c LMNO
going to insert process 13 to ready queue.
going to schedule process 14 to run.
[stress] slot=13 round=51 acc=00000000000074b2 MNOP
going to insert process 14 to ready queue.
going to schedule process 15 to run.
[stress] slot=14 round=51 acc=000000000003bafe NOPQ
going to insert process 15 to ready queue.
going to schedule process 16 to run.
[stress] slot=15 round=51 acc=00000000000a852c OPQR
going to insert process 16 to ready queue.
going to schedule process 17 to run.
[stress] slot=16 round=51 acc=0000000000009788 PQRS
going to insert process 17 to ready queue.
going to schedule process 18 to run.
[stress] slot=17 round=51 acc=000000000004fb7f QRST
going to insert process 18 to ready queue.
going to schedule process 19 to run.
[stress] slot=18 round=51 acc=00000000000ba37d RSTU
going to insert process 19 to ready queue.
going to schedule process 20 to run.
[stress] slot=19 round=51 acc=000000000003a3a1 STUV
going to insert process 20 to ready queue.
going to schedule process 21 to run.
[stress] slot=20 round=51 acc=0000000000045f1d TUVW
going to insert process 21 to ready queue.
going to schedule process 22 to run.
[stress] slot=21 round=51 acc=000000000000531d UVTicks 8
going to insert process 22 to ready queue.
going to schedule process 23 to run.
[stress] slot=22 round=51 acc=00000000000874db VWXY
going to insert process 23 to ready queue.
going to schedule process 24 to run.
[stress] slot=23 round=51 acc=000000000009bfff WXYZ
going to insert process 24 to ready queue.
going to schedule process 25 to run.
[stress] slot=24 round=51 acc=00000000000e3020 XYZA
going to insert process 25 to ready queue.
going to schedule process 26 to run.
[stress] slot=25 round=51 acc=0000000000025e39 YZAB
going to insert process 26 to ready queue.
going to schedule process 27 to run.
[stress] slot=26 round=51 acc=000000000008196e ZABC
going to insert process 27 to ready queue.
going to schedule process 28 to run.
[stress] slot=27 round=51 acc=00000000000c9118 ABCD
going to insert process 28 to ready queue.
going to schedule process 0 to run.
going to insert process 0 to ready queue.
going to schedule process 1 to run.
[stress] slot=0 round=52 acc=000000000007fdbb ABCD
going to insert process 1 to ready queue.
going to schedule process 2 to run.
[stress] slot=1 round=52 acc=000000000001682f BCDE
going to insert process 2 to ready queue.
going to schedule process 3 to run.
[stress] slot=2 round=52 acc=00000000000a0984 CDEF
going to insert process 3 to ready queue.
going to schedule process 4 to run.
[stress] slot=3 round=52 acc=000000000000cc83 DEFG
going to insert process 4 to ready queue.
going to schedule process 5 to run.
[stress] slot=4 round=52 acc=000000000005e617 EFGH
going to insert process 5 to ready queue.
going to schedule process 6 to run.
[stress] slot=5 round=52 acc=0000000000014916 FGHI
going to insert process 6 to ready queue.
going to schedule process 7 to run.
[stress] slot=6 round=52 acc=00000000000fed74 GHIJ
going to insert process 7 to ready queue.
going to schedule process 8 to run.
[stress] slot=7 round=52 acc=000000000001971a HIJK
going to insert process 8 to ready queue.
going to schedule process 9 to run.
[stress] slot=8 round=52 acc=00000000000e8ec4 IJKL
going to insert process 9 to ready queue.
going to schedule process 10 to run.
[stress] slot=9 round=51 acc=00000000000915b4 IJKL
going to insert process 10 to ready queue.
going to schedule process 11 to run.
[stress] slot=10 round=52 acc=00000000000e4d81 KLMN
going to insert process 11 to ready queue.
going to schedule process 12 to run.
[stress] slot=11 round=52 acc=000000000004a0f3 LMNO
going to insert process 12 to ready queue.
going to schedule process 13 to run.
[stress] slot=12 round=52 acc=00000000000b9a2f MNOP
going to insert process 13 to ready queue.
going to schedule process 14 to run.
[stress] slot=13 round=52 acc=0000000000010f86 NOPQ
going to insert process 14 to ready queue.
going to schedule process 15 to run.
[stress] slot=14 round=52 acc=00000000000f125f OPQR
going to insert process 15 to ready queue.
going to schedule process 16 to run.
[stress] slot=15 round=52 acc=000000000002a350 PQRS
going to insert process 16 to ready queue.
going to schedule process 17 to run.
[stress] slot=16 round=52 acc=00000000000b1315 QRST
going to insert process 17 to ready queue.
going to schedule process 18 to run.
[stress] slot=17 round=52 acc=00000000000cad47 RSTU
going to insert process 18 to ready queue.
going to schedule process 19 to run.
[stress] slot=18 round=52 acc=00000000000e17cf STUV
going to insert process 19 to ready queue.
going to schedule process 20 to run.
[stress] slot=19 round=52 acc=0000000000091037 TUVW
going to insert process 20 to ready queue.
going to schedule process 21 to run.
[stress] slot=20 round=52 acc=00000000000ce53a UVWX
going to insert process 21 to ready queue.
going to schedule process 22 to run.
WX
going to insert process 22 to ready queue.
going to schedule process 23 to run.
[stress] slot=22 round=52 acc=00000000000fc746 WXYZ
going to insert process 23 to ready queue.
going to schedule process 24 to run.
[stress] slot=23 round=52 acc=0000000000042751 XYZA
going to insert process 24 to ready queue.
going to schedule process 25 to run.
[stress] slot=24 round=52 acc=0000000000004f63 YZAB
going to insert process 25 to ready queue.
going to schedule process 26 to run.
[stress] slot=25 round=52 acc=0000000000027abf ZABC
going to insert process 26 to ready queue.
going to schedule process 27 to run.
[stress] slot=26 round=52 acc=00000000000570d5 ABCD
going to insert process 27 to ready queue.
going to schedule process 28 to run.
[stress] slot=27 round=52 acc=00000000000cb1bd BCDE
going to insert process 28 to ready queue.
going to schedule process 0 to run.
going to insert process 0 to ready queue.
going to schedule process 1 to run.
[stress] slot=0 round=53 acc=000000000009273f BCDE
going to insert process 1 to ready queue.
going to schedule process 2 to run.
[stress] slot=1 round=53 acc=00000000000afcea CDEF
going to insert process 2 to ready queue.
going to schedule process 3 to run.
[stress] slot=2 round=53 acc=00000000000940e0 DEFG
going to insert process 3 to ready queue.
going to schedule process 4 to run.
[stress] slot=3 round=53 acc=00000000000f3b98 EFGH
going to insert process 4 to ready queue.
going to schedule process 5 to run.
[stress] slot=4 round=53 acc=0000000000034f0f FGHI
going to insert process 5 to ready queue.
going to schedule process 6 to run.
[stress] slot=5 round=53 acc=000000000000dde7 GHIJ
going to insert process 6 to ready queue.
going to schedule process 7 to run.
[stress] slot=6 round=53 acc=00000000000f1ef2 HIJK
going to insert process 7 to ready queue.
going to schedule process 8 to run.
[stress] slot=7 round=53 acc=00000000000a234a IJKL
going to insert process 8 to ready queue.
going to schedule process 9 to run.
[stress] slot=8 round=53 acc=00000000000147a6 JKLM
going to insert process 9 to ready queue.
going to schedule process 10 to run.
[stress] slot=9 round=52 acc=000000000001b593 JKLM
going to insert process 10 to ready queue.
going to schedule process 11 to run.
[stress] slot=10 round=53 acc=0000000000027b77 LMNO
going to insert process 11 to ready queue.
going to schedule process 12 to run.
[stress] slot=11 round=53 acc=00000000000bb33d MNOP
going to insert process 12 to ready queue.
going to schedule process 13 to run.
[stress] slot=12 round=53 acc=000000000003040e NOPQ
going to insert process 13 to ready queue.
going to schedule process 14 to run.
[stress] slot=13 round=53 acc=00000000000b235e OPQR
going to insert process 14 to ready queue.
going to schedule process 15 to run.
[stress] slot=14 round=53 acc=0000000000038b19 PQRS
going to insert process 15 to ready queue.
going to schedule process 16 to run.
[stress] slot=15 round=53 acc=0000000000042273 QRST
going to insert process 16 to ready queue.
going to schedule process 17 to run.
[stress] slot=16 round=53 acc=00000000000f6a13 RSTU
going to insert process 17 to ready queue.
going to schedule process 18 to run.
[stress] slot=17 round=53 acc=000000000006e2c8 STUV
going to insert process 18 to ready queue.
going to schedule process 19 to run.
[stress] slot=18 round=53 acc=0000000000018f6d TUVW
going to insert process 19 to ready queue.
going to schedule process 20 to run.
[stress] slot=19 round=53 acc=00000000000516e8 UVWX
going to insert process 20 to ready queue.
going to schedule process 21 to run.
[stress] slot=20 round=53 acc=00000000000f45c1 VWXY
going to insert process 21 to ready queue.
going to schedule process 22 to run.
[stress] slot=21 round=52 acc=00000000000f9190 VWXY
going to insert process 22 to ready queue.
going to schedule process 23 to run.
[stress] slot=22 round=53 acc=0000000000016b3b XYZA
going to insert process 23 to ready queue.
going to schedule process 24 to run.
[stress] slot=23 round=53 acc=0000000000071229 YZAB
going to insert process 24 to ready queue.
going to schedule process 25 to run.
[stress] slot=24 round=53 acc=0000000000006708 ZABC
going to insert process 25 to ready queue.
going to schedule process 26 to run.
[stress] slot=25 round=53 acc=000000000001ebcf ABCD
going to insert process 26 to ready queue.
going to schedule process 27 to run.
[stress] slot=26 round=53 acc=00000000000e022b BCDE
going to insert process 27 to ready queue.
going to schedule process 28 to run.
[stress] slot=27 round=53 acc=000000000006dd71 CDEF
going to insert process 28 to ready queue.
going to schedule process 0 to run.
going to insert process 0 to ready queue.
going to schedule process 1 to run.
[stress] slot=0 round=54 acc=000000000008f292 CDEF
going to insert process 1 to ready queue.
going to schedule process 2 to run.
[stress] slot=1 round=54 acc=000000000000ede4 DEFG
going to insert process 2 to ready queue.
going to schedule process 3 to run.
[stress] slot=2 round=54 acc=00000000000e35b5 EFGH
going to insert process 3 to ready queue.
going to schedule process 4 to run.
[stress] slot=3 round=54 acc=00000000000ecceb FGHI
going to insert process 4 to ready queue.
going to schedule process 5 to run.
[stress] slot=4 round=54 acc=00000000000c10bb GHIJ
going to insert process 5 to ready queue.
going to schedule process 6 to run.
[stress] slot=5 round=54 acc=00000000000ca066 HIJK
going to insert process 6 to ready queue.
going to schedule process 7 to run.
[stress] slot=6 round=54 acc=000000000009ab52 IJKL
going to insert process 7 to ready queue.
going to schedule process 8 to run.
[stress] slot=7 round=54 acc=00000000000c3131 JKLM
going to insert process 8 to ready queue.
going to schedule process 9 to run.
[stress] slot=8 round=54 acc=000000000001fd71 KLMN
going to insert process 9 to ready queue.
going to schedule process 10 to run.
[stress] slot=9 round=53 acc=0000000000017b1a KLMN
going to insert process 10 to ready queue.
going to schedule process 11 to run.
[stress] slot=10 round=54 acc=0000000000049704 MNOP
going to insert process 11 to ready queue.
going to schedule process 12 to run.
[stress] slot=11 round=54 acc=00000000000832dd NOPQ
going to insert process 12 to ready queue.
going to schedule process 13 to run.
[stress] slot=12 round=54 acc=00000000000dc708 OPQR
going to insert process 13 to ready queue.
going to schedule process 14 to run.
[stress] slot=13 round=54 acc=000000000007dfa7 PQRS
going to insert process 14 to ready queue.
going to schedule process 15 to run.
[stress] slot=14 round=54 acc=000000000001e267 QRST
going to insert process 15 to ready queue.
going to schedule process 16 to run.
[stress] slot=15 round=54 acc=000000000005ab73 RSTU
going to insert process 16 to ready queue.
going to schedule process 17 to run.
[stress] slot=16 round=54 acc=000000000008110f STUV
going to insert process 17 to ready queue.
going to schedule process 18 to run.
[stress] slot=17 round=54 acc=00000000000747b0 TUVW
going to insert process 18 to ready queue.
going to schedule process 19 to run.
[stress] slot=18 round=54 acc=0000000000005ef4 UVWX
going to insert process 19 to ready queue.
going to schedule process 20 to run.
[stress] slot=19 round=54 acc=00000000000c1a1a VWXY
going to insert process 20 to ready queue.
going to schedule process 21 to run.
[stress] slot=20 round=54 acc=00000000000a97c0 WXYZ
going to insert process 21 to ready queue.
going to schedule process 22 to run.
[stress] slot=21 round=53 acc=000000000001edf0 WXYZ
going to insert process 22 to ready queue.
going to schedule process 23 to run.
[stress] slot=22 round=54 acc=00000000000ad279 YZAB
going to insert process 23 to ready queue.
going to schedule process 24 to run.
[stress] slot=23 round=54 acc=0000000000053b39 ZABC
going to insert process 24 to ready queue.
going to schedule process 25 to run.
[stress] slot=24 round=54 acc=0000000000074912 ABCD
going to insert process 25 to ready queue.
going to schedule process 26 to run.
[stress] slot=25 round=54 acc=00000000000b36e6 BCDE
going to insert process 26 to ready queue.
going to schedule process 27 to run.
[stress] slot=26 round=54 acc=0000000000059416 CDEF
going to insert process 27 to ready queue.
going to schedule process 28 to run.
[stress] slot=27 round=54 acc=0000000000047ccf DEFG
going to insert process 28 to ready queue.
going to schedule process 0 to run.
going to insert process 0 to ready queue.
going to schedule process 1 to run.
[stress] slot=0 round=55 acc=000000000004d5b4 DEFG
going to insert process 1 to ready queue.
going to schedule process 2 to run.
[stress] slot=1 round=55 acc=0000000000064ab9 EFGH
going to insert process 2 to ready queue.
going to schedule process 3 to run.
[stress] slot=2 round=55 acc=00000000000216e1 FGHI
going to insert process 3 to ready queue.
going to schedule process 4 to run.
[stress] slot=3 round=55 acc=0000000000044a08 GHIJ
going to insert process 4 to ready queue.
going to schedule process 5 to run.
[stress] slot=4 round=55 acc=000000000002629b HIJK
going to insert process 5 to ready queue.
going to schedule process 6 to run.
[stress] slot=5 round=55 acc=0000000000096966 IJKL
going to insert process 6 to ready queue.
going to schedule process 7 to run.
[stress] slot=6 round=55 acc=000000000007cd22 JKLM
going to insert process 7 to ready queue.
going to schedule process 8 to run.
[stress] slot=7 round=55 acc=0000000000097982 KLMN
going to insert process 8 to ready queue.
going to schedule process 9 to run.
[stress] slot=8 round=55 acc=0000000000082eac LMNO
going to insert process 9 to ready queue.
going to schedule process 10 to run.
[stress] slot=9 round=54 acc=00000000000450e2 LMNO
going to insert process 10 to ready queue.
going to schedule process 11 to run.
[stress] slot=10 round=55 acc=000000000007f175 NOPQ
going to insert process 11 to ready queue.
going to schedule process 12 to run.
[stress] slot=11 round=55 acc=00000000000916a3 OPQR
going to insert process 12 to ready queue.
going to schedule process 13 to run.
[stress] slot=12 round=55 acc=000000000003bf06 PQRS
going to insert process 13 to ready queue.
going to schedule process 14 to run.
[stress] slot=13 round=55 acc=0000000000048807 QRST
going to insert process 14 to ready queue.
going to schedule process 15 to run.
[stress] slot=14 round=55 acc=00000000000f66b6 RSTU
going to insert process 15 to ready queue.
going to schedule process 16 to run.
[stress] slot=15 round=55 acc=00000000000d4cc2 STUV
going to insert process 16 to ready queue.
going to schedule process 17 to run.
[stress] slot=16 round=55 acc=00000000000cf009 TUVW
going to insert process 17 to ready queue.
going to schedule process 18 to run.
[stress] slot=17 round=55 acc=00000000000416e1 UVWX
going to insert process 18 to ready queue.
going to schedule process 19 to run.
[stress] slot=18 round=55 acc=0000000000051b90 VWXY
going to insert process 19 to ready queue.
going to schedule process 20 to run.
[stress] slot=19 round=55 acc=00000000000a9dbb WXYZ
going to insert process 20 to ready queue.
going to schedule process 21 to run.
[stress] slot=20 round=55 acc=00000000000593b2 XYZA
going to insert process 21 to ready queue.
going to schedule process 22 to run.
[stress] slot=21 round=54 acc=00000000000567ac XYZA
going to insert process 22 to ready queue.
going to schedule process 23 to run.
[stress] slot=22 round=55 acc=0000000000081616 ZABC
going to insert process 23 to ready queue.
going to schedule process 24 to run.
[stress] slot=23 round=55 acc=00000000000d64a0 ABCD
going to insert process 24 to ready queue.
going to schedule process 25 to run.
[stress] slot=24 round=55 acc=000000000005d829 BCDE
going to insert process 25 to ready queue.
going to schedule process 26 to run.
[stress] slot=25 round=55 acc=000000000009bbfa CDEF
going to insert process 26 to ready queue.
going to schedule process 27 to run.
[stress] slot=26 round=55 acc=0000000000083630 DEFG
going to insert process 27 to ready queue.
going to schedule process 28 to run.
[stress] slot=27 round=55 acc=0000000000006f98 EFGH
going to insert process 28 to ready queue.
going to schedule process 0 to run.
going to insert process 0 to ready queue.
going to schedule process 1 to run.
[stress] slot=0 round=56 acc=000000000009dbf2 EFGH
going to insert process 1 to ready queue.
going to schedule process 2 to run.
[stress] slot=1 round=56 acc=00000000000d2e9d FGHI
going to insert process 2 to ready queue.
going to schedule process 3 to run.
[stress] slot=2 round=56 acc=00000000000d4eb1 GHIJ
going to insert process 3 to ready queue.
going to schedule process 4 to run.
[stress] slot=3 round=56 acc=00000000000542ed HIJK
going to insert process 4 to ready queue.
going to schedule process 5 to run.
[stress] slot=4 round=56 acc=000000000005b605 IJKL
going to insert process 5 to ready queue.
going to schedule process 6 to run.
[stress] slot=5 round=56 acc=00000000000e253a JKLM
going to insert process 6 to ready queue.
going to schedule process 7 to run.
[stress] slot=6 round=56 acc=000000000004474c KLMN
going to insert process 7 to ready queue.
going to schedule process 8 to run.
[stress] slot=7 round=56 acc=000000000003a791 LMNO
going to insert process 8 to ready queue.
going to schedule process 9 to run.
[stress] slot=8 round=56 acc=00000000000fd42a MNOP
going to insert process 9 to ready queue.
going to schedule process 10 to run.
[stress] slot=9 round=55 acc=00000000000ac2e8 MNOP
going to insert process 10 to ready queue.
going to schedule process 11 to run.
[stress] slot=10 round=56 acc=00000000000830cb OPQR
going to insert process 11 to ready queue.
going to schedule process 12 to run.
[stress] slot=11 round=56 acc=00000000000337b1 PQRS
going to insert process 12 to ready queue.
going to schedule process 13 to run.
[stress] slot=12 round=56 acc=0000000000012649 QRST
going to insert process 13 to ready queue.
going to schedule process 14 to run.
[stress] slot=13 round=56 acc=000000000008be6d RSTU
going to insert process 14 to ready queue.
going to schedule process 15 to run.
[stress] slot=14 round=56 acc=000000000009696c STUV
going to insert process 15 to ready queue.
going to schedule process 16 to run.
[stress] slot=15 round=56 acc=00000000000b69ca TUVW
going to insert process 16 to ready queue.
going to schedule process 17 to run.
[stress] slot=16 round=56 acc=000000000009feba UVWX
going to insert process 17 to ready queue.
going to schedule process 18 to run.
[stress] slot=17 round=56 acc=0000000000081d4c VWXY
going to insert process 18 to ready queue.
going to schedule process 19 to run.
[stress] slot=18 round=56 acc=0000000000080be0 WXYZ
going to insert process 19 to ready queue.
going to schedule process 20 to run.
[stress] slot=19 round=56 acc=0000000000021713 XYZA
going to insert process 20 to ready queue.
going to schedule process 21 to run.
[stress] slot=20 round=56 acc=00000000000e0129 YZAB
going to insert process 21 to ready queue.
going to schedule process 22 to run.
[stress] slot=21 round=55 acc=00000000000ae271 YZAB
going to insert process 22 to ready queue.
going to schedule process 23 to run.
[stress] slot=22 round=56 acc=000000000004b20f ABCD
going to insert process 23 to ready queue.
going to schedule process 24 to run.
[stress] slot=23 round=56 acc=00000000000925bc BCDE
going to insert process 24 to ready queue.
going to schedule process 25 to run.
[stress] slot=24 round=56 acc=000000000008c9fa CDEF
going to insert process 25 to ready queue.
going to schedule process 26 to run.
[stress] slot=25 round=56 acc=00000000000f4b1e DEFG
going to insert process 26 to ready queue.
going to schedule process 27 to run.
[stress] slot=26 round=56 acc=00000000000e1fd0 EFGH
going to insert process 27 to ready queue.
going to schedule process 28 to run.
[stress] slot=27 round=56 acc=00000000000281b8 FGHI
going to insert process 28 to ready queue.
going to schedule process 0 to run.
going to insert process 0 to ready queue.
going to schedule process 1 to run.
[stress] slot=0 round=57 acc=0000000000009c07 FGHI
going to insert process 1 to ready queue.
going to schedule process 2 to run.
[stress] slot=1 round=57 acc=00000000000a224e GHIJ
going to insert process 2 to ready queue.
going to schedule process 3 to run.
[stress] slot=2 round=57 acc=00000000000e3480 HIJK
going to insert process 3 to ready queue.
going to schedule process 4 to run.
[stress] slot=3 round=57 acc=00000000000314b4 IJKL
going to insert process 4 to ready queue.
going to schedule process 5 to run.
[stress] slot=4 round=57 acc=000000000003baa1 JKLM
going to insert process 5 to ready queue.
going to schedule process 6 to run.
[stress] slot=5 round=57 acc=0000000000076f5c KLMN
going to insert process 6 to ready queue.
going to schedule process 7 to run.
[stress] slot=6 round=57 acc=00000000000cb115 LMNO
going to insert process 7 to ready queue.
going to schedule process 8 to run.
[stress] slot=7 round=57 acc=00000000000ddd23 MNOP
going to insert process 8 to ready queue.
going to schedule process 9 to run.
[stress] slot=8 round=57 acc=00000000000569ea NOPQ
going to insert process 9 to ready queue.
going to schedule process 10 to run.
[stress] slot=9 round=56 acc=000000000004c71c NOPQ
going to insert process 10 to ready queue.
going to schedule process 11 to run.
[stress] slot=10 round=57 acc=00000000000950dd PQRS
going to insert process 11 to ready queue.
going to schedule process 12 to run.
[stress] slot=11 round=57 acc=00000000000575f3 QRST
going to insert process 12 to ready queue.
going to schedule process 13 to run.
[stress] slot=12 round=57 acc=000000000002587d RSTU
going to insert process 13 to ready queue.
going to schedule process 14 to run.
[stress] slot=13 round=57 acc=000000000009f847 STUV
going to insert process 14 to ready queue.
going to schedule process 15 to run.
[stress] slot=14 round=57 acc=0000000000096a45 TUVW
going to insert process 15 to ready queue.
going to schedule process 16 to run.
[stress] slot=15 round=57 acc=000000000001dcaa UVWX
going to insert process 16 to ready queue.
going to schedule process 17 to run.
[stress] slot=16 round=57 acc=00000000000420f7 VWXY
going to insert process 17 to ready queue.
going to schedule process 18 to run.
Ticks 9
[stress] slot=17 round=57 acc=000000000001f2d8 WXYZ
going to insert process 18 to ready queue.
going to schedule process 19 to run.
[stress] slot=18 round=57 acc=000000000000edf9 XYZA
going to insert process 19 to ready queue.
going to schedule process 20 to run.
[stress] slot=19 round=57 acc=00000000000583b2 YZAB
going to insert process 20 to ready queue.
going to schedule process 21 to run.
[stress] slot=20 round=57 acc=0000000000001a8f ZABC
going to insert process 21 to ready queue.
going to schedule process 22 to run.
[stress] slot=21 round=56 acc=000000000005d606 ZABC
going to insert process 22 to ready queue.
going to schedule process 23 to run.
[stress] slot=22 round=57 acc=000000000007b199 BCDE
going to insert process 23 to ready queue.
going to schedule process 24 to run.
[stress] slot=23 round=57 acc=000000000009937e CDEF
going to insert process 24 to ready queue.
going to schedule process 25 to run.
[stress] slot=24 round=57 acc=0000000000080d9d DEFG
going to insert process 25 to ready queue.
going to schedule process 26 to run.
[stress] slot=25 round=57 acc=0000000000055f6d EFGH
going to insert process 26 to ready queue.
going to schedule process 27 to run.
[stress] slot=26 round=57 acc=00000000000b054f FGHI
going to insert process 27 to ready queue.
going to schedule process 28 to run.
[stress] slot=27 round=57 acc=00000000000f99cb GHIJ
going to insert process 28 to ready queue.
going to schedule process 0 to run.
going to insert process 0 to ready queue.
going to schedule process 1 to run.
[stress] slot=0 round=58 acc=000000000009db65 GHIJ
going to insert process 1 to ready queue.
going to schedule process 2 to run.
[stress] slot=1 round=58 acc=0000000000000564 HIJK
going to insert process 2 to ready queue.
going to schedule process 3 to run.
[stress] slot=2 round=58 acc=0000000000095174 IJKL
going to insert process 3 to ready queue.
going to schedule process 4 to run.
[stress] slot=3 round=58 acc=00000000000b5dea JKLM
going to insert process 4 to ready queue.
going to schedule process 5 to run.
[stress] slot=4 round=58 acc=00000000000b7f0a KLMN
going to insert process 5 to ready queue.
going to schedule process 6 to run.
[stress] slot=5 round=58 acc=00000000000cb6ba LMNO
going to insert process 6 to ready queue.
going to schedule process 7 to run.
[stress] slot=6 round=58 acc=0000000000081046 MNOP
going to insert process 7 to ready queue.
going to schedule process 8 to run.
[stress] slot=7 round=58 acc=0000000000004a3f NOPQ
going to insert process 8 to ready queue.
going to schedule process 9 to run.
[stress] slot=8 round=58 acc=000000000004f5b5 OPQR
going to insert process 9 to ready queue.
going to schedule process 10 to run.
[stress] slot=9 round=57 acc=000000000002632e OPQR
going to insert process 10 to ready queue.
going to schedule process 11 to run.
[stress] slot=10 round=58 acc=00000000000e35eb QRST
going to insert process 11 to ready queue.
going to schedule process 12 to run.
[stress] slot=11 round=58 acc=000000000006202d RSTU
going to insert process 12 to ready queue.
going to schedule process 13 to run.
[stress] slot=12 round=58 acc=000000000003885d STUV
going to insert process 13 to ready queue.
going to schedule process 14 to run.
[stress] slot=13 round=58 acc=000000000002eaf6 TUVW
going to insert process 14 to ready queue.
going to schedule process 15 to run.
[stress] slot=14 round=58 acc=00000000000cd27a UVWX
going to insert process 15 to ready queue.
going to schedule process 16 to run.
[stress] slot=15 round=58 acc=00000000000b3d39 VWXY
going to insert process 16 to ready queue.
going to schedule process 17 to run.
[stress] slot=16 round=58 acc=0000000000081ee3 WXYZ
going to insert process 17 to ready queue.
going to schedule process 18 to run.
[stress] slot=17 round=58 acc=000000000004c364 XYZA
going to insert process 18 to ready queue.
going to schedule process 19 to run.
[stress] slot=18 round=58 acc=000000000005f7f1 YZAB
going to insert process 19 to ready queue.
going to schedule process 20 to run.
[stress] slot=19 round=58 acc=00000000000afc2f ZABC
going to insert process 20 to ready queue.
going to schedule process 21 to run.
[stress] slot=20 round=58 acc=0000000000045c01 ABCD
going to insert process 21 to ready queue.
going to schedule process 22 to run.
[stress] slot=21 round=57 acc=00000000000000ab ABCD
going to insert process 22 to ready queue.
going to schedule process 23 to run.
[stress] slot=22 round=58 acc=00000000000debed CDEF
going to insert process 23 to ready queue.
going to schedule process 24 to run.
[stress] slot=23 round=58 acc=0000000000086efb DEFG
going to insert process 24 to ready queue.
going to schedule process 25 to run.
[stress] slot=24 round=58 acc=000000000004c468 EFGH
going to insert process 25 to ready queue.
going to schedule process 26 to run.
[stress] slot=25 round=58 acc=000000000005cb33 FGHI
going to insert process 26 to ready queue.
going to schedule process 27 to run.
[stress] slot=26 round=58 acc=0000000000084fcd GHIJ
going to insert process 27 to ready queue.
going to schedule process 28 to run.
[stress] slot=27 round=58 acc=00000000000739b7 HIJK
going to insert process 28 to ready queue.
going to schedule process 0 to run.
going to insert process 0 to ready queue.
going to schedule process 1 to run.
[stress] slot=0 round=59 acc=0000000000053233 HIJK
going to insert process 1 to ready queue.
going to schedule process 2 to run.
[stress] slot=1 round=59 acc=00000000000c8cee IJKL
going to insert process 2 to ready queue.
going to schedule process 3 to run.
[stress] slot=2 round=59 acc=00000000000dff8e JKLM
going to insert process 3 to ready queue.
going to schedule process 4 to run.
[stress] slot=3 round=59 acc=00000000000d0448 KLMN
going to insert process 4 to ready queue.
going to schedule process 5 to run.
[stress] slot=4 round=59 acc=000000000000a319 LMNO
going to insert process 5 to ready queue.
going to schedule process 6 to run.
[stress] slot=5 round=59 acc=000000000003c88b MNOP
going to insert process 6 to ready queue.
going to schedule process 7 to run.
[stress] slot=6 round=59 acc=0000000000010f96 NOPQ
going to insert process 7 to ready queue.
going to schedule process 8 to run.
[stress] slot=7 round=59 acc=000000000002baca OPQR
going to insert process 8 to ready queue.
going to schedule process 9 to run.
[stress] slot=8 round=59 acc=0000000000067755 PQRS
going to insert process 9 to ready queue.
going to schedule process 10 to run.
[stress] slot=9 round=58 acc=000000000001570f PQRS
going to insert process 10 to ready queue.
going to schedule process 11 to run.
[stress] slot=10 round=59 acc=00000000000cece0 RSTU
going to insert process 11 to ready queue.
going to schedule process 12 to run.
[stress] slot=11 round=59 acc=0000000000038e0e STUV
going to insert process 12 to ready queue.
going to schedule process 13 to run.
[stress] slot=12 round=59 acc=0000000000013f73 TUVW
going to insert process 13 to ready queue.
going to schedule process 14 to run.
[stress] slot=13 round=59 acc=00000000000ef25b UVWX
going to insert process 14 to ready queue.
going to schedule process 15 to run.
[stress] slot=14 round=59 acc=00000000000ebc7b VWXY
going to insert process 15 to ready queue.
going to schedule process 16 to run.
[stress] slot=15 round=59 acc=00000000000f933e WXYZ
going to insert process 16 to ready queue.
going to schedule process 17 to run.
[stress] slot=16 round=59 acc=000000000004bdf7 XYZA
going to insert process 17 to ready queue.
going to schedule process 18 to run.
[stress] slot=17 round=59 acc=0000000000077938 YZAB
going to insert process 18 to ready queue.
going to schedule process 19 to run.
[stress] slot=18 round=59 acc=00000000000ed54d ZABC
going to insert process 19 to ready queue.
going to schedule process 20 to run.
[stress] slot=19 round=59 acc=000000000001cfff ABCD
going to insert process 20 to ready queue.
going to schedule process 21 to run.
[stress] slot=20 round=59 acc=00000000000448b8 BCDE
going to insert process 21 to ready queue.
going to schedule process 22 to run.
[stress] slot=21 round=58 acc=00000000000405df BCDE
going to insert process 22 to ready queue.
going to schedule process 23 to run.
[stress] slot=22 round=59 acc=000000000008047e DEFG
going to insert process 23 to ready queue.
going to schedule process 24 to run.
[stress] slot=23 round=59 acc=00000000000aaeaa EFGH
going to insert process 24 to ready queue.
going to schedule process 25 to run.
[stress] slot=24 round=59 acc=0000000000089580 FGHI
going to insert process 25 to ready queue.
going to schedule process 26 to run.
[stress] slot=25 round=59 acc=000000000005766e GHIJ
going to insert process 26 to ready queue.
going to schedule process 27 to run.
[stress] slot=26 round=59 acc=000000000001c9ea HIJK
going to insert process 27 to ready queue.
going to schedule process 28 to run.
[stress] slot=27 round=59 acc=00000000000e2d32 IJKL
going to insert process 28 to ready queue.
going to schedule process 0 to run.
going to insert process 0 to ready queue.
going to schedule process 1 to run.
[stress] slot=0 round=60 acc=00000000000ab0e4 IJKL
going to insert process 1 to ready queue.
going to schedule process 2 to run.
[stress] slot=1 round=60 acc=00000000000410fe JKLM
going to insert process 2 to ready queue.
going to schedule process 3 to run.
[stress] slot=2 round=60 acc=00000000000849c3 KLMN
going to insert process 3 to ready queue.
going to schedule process 4 to run.
[stress] slot=3 round=60 acc=00000000000b1adb LMNO
going to insert process 4 to ready queue.
going to schedule process 5 to run.
[stress] slot=4 round=60 acc=00000000000a9e7f MNOP
going to insert process 5 to ready queue.
going to schedule process 6 to run.
[stress] slot=5 round=60 acc=00000000000ebb3e NOPQ
going to insert process 6 to ready queue.
going to schedule process 7 to run.
[stress] slot=6 round=60 acc=000000000000d567 OPQR
going to insert process 7 to ready queue.
going to schedule process 8 to run.
[stress] slot=7 round=60 acc=00000000000b0a85 PQRS
going to insert process 8 to ready queue.
going to schedule process 9 to run.
[stress] slot=8 round=60 acc=000000000006cd5c QRST
going to insert process 9 to ready queue.
going to schedule process 10 to run.
[stress] slot=9 round=59 acc=0000000000062a82 QRST
going to insert process 10 to ready queue.
going to schedule process 11 to run.
[stress] slot=10 round=60 acc=000000000006615e STUV
going to insert process 11 to ready queue.
going to schedule process 12 to run.
[stress] slot=11 round=60 acc=00000000000741e1 TUVW
going to insert process 12 to ready queue.
going to schedule process 13 to run.
[stress] slot=12 round=60 acc=000000000009f5d7 UVWX
going to insert process 13 to ready queue.
going to schedule process 14 to run.
[stress] slot=13 round=60 acc=000000000001cda3 VWXY
going to insert process 14 to ready queue.
going to schedule process 15 to run.
[stress] slot=14 round=60 acc=000000000006b7d0 WXYZ
going to insert process 15 to ready queue.
going to schedule process 16 to run.
[stress] slot=15 round=60 acc=00000000000e7bed XYZA
going to insert process 16 to ready queue.
going to schedule process 17 to run.
[stress] slot=16 round=60 acc=00000000000a7e54 YZAB
going to insert process 17 to ready queue.
going to schedule process 18 to run.
[stress] slot=17 round=60 acc=00000000000e6cec ZABC
going to insert process 18 to ready queue.
going to schedule process 19 to run.
[stress] slot=18 round=60 acc=000000000002903a ABCD
going to insert process 19 to ready queue.
going to schedule process 20 to run.
[stress] slot=19 round=60 acc=00000000000aa518 BCDE
going to insert process 20 to ready queue.
going to schedule process 21 to run.
[stress] slot=20 round=60 acc=000000000002963f CDEF
going to insert process 21 to ready queue.
going to schedule process 22 to run.
[stress] slot=21 round=59 acc=0000000000024ca2 CDEF
going to insert process 22 to ready queue.
going to schedule process 23 to run.
[stress] slot=22 round=60 acc=000000000009072e EFGH
going to insert process 23 to ready queue.
going to schedule process 24 to run.
[stress] slot=23 round=60 acc=0000000000021fad FGHI
going to insert process 24 to ready queue.
going to schedule process 25 to run.
[stress] slot=24 round=60 acc=00000000000500d3 GHIJ
going to insert process 25 to ready queue.
going to schedule process 26 to run.
[stress] slot=25 round=60 acc=000000000007b6de HIJK
going to insert process 26 to ready queue.
going to schedule process 27 to run.
[stress] slot=26 round=60 acc=000000000005c664 IJKL
going to insert process 27 to ready queue.
going to schedule process 28 to run.
[stress] slot=27 round=60 acc=000000000003154a JKLM
going to insert process 28 to ready queue.
going to schedule process 0 to run.
going to insert process 0 to ready queue.
going to schedule process 1 to run.
[stress] slot=0 round=61 acc=000000000007d329 JKLM
going to insert process 1 to ready queue.
going to schedule process 2 to run.
[stress] slot=1 round=61 acc=00000000000cf30e KLMN
going to insert process 2 to ready queue.
going to schedule process 3 to run.
[stress] slot=2 round=61 acc=0000000000002c98 LMNO
going to insert process 3 to ready queue.
going to schedule process 4 to run.
[stress] slot=3 round=61 acc=000000000003c679 MNOP
going to insert process 4 to ready queue.
going to schedule process 5 to run.
[stress] slot=4 round=61 acc=00000000000c0c68 NOPQ
going to insert process 5 to ready queue.
going to schedule process 6 to run.
[stress] slot=5 round=61 acc=0000000000058481 OPQR
going to insert process 6 to ready queue.
going to schedule process 7 to run.
[stress] slot=6 round=61 acc=0000000000095eb1 PQRS
going to insert process 7 to ready queue.
going to schedule process 8 to run.
[stress] slot=7 round=61 acc=0000000000007cd0 QRST
going to insert process 8 to ready queue.
going to schedule process 9 to run.
[stress] slot=8 round=61 acc=00000000000ffac1 RSTU
going to insert process 9 to ready queue.
going to schedule process 10 to run.
[stress] slot=9 round=60 acc=000000000004a273 RSTU
going to insert process 10 to ready queue.
going to schedule process 11 to run.
[stress] slot=10 round=61 acc=00000000000c7e83 TUVW
going to insert process 11 to ready queue.
going to schedule process 12 to run.
[stress] slot=11 round=61 acc=00000000000aa2ad UVWX
going to insert process 12 to ready queue.
going to schedule process 13 to run.
[stress] slot=12 round=61 acc=0000000000021bfa VWXY
going to insert process 13 to ready queue.
going to schedule process 14 to run.
[stress] slot=13 round=61 acc=00000000000ef727 WXYZ
going to insert process 14 to ready queue.
going to schedule process 15 to run.
[stress] slot=14 round=61 acc=00000000000c3551 XYZA
going to insert process 15 to ready queue.
going to schedule process 16 to run.
[stress] slot=15 round=61 acc=000000000004e1dd YZAB
going to insert process 16 to ready queue.
going to schedule process 17 to run.
[stress] slot=16 round=61 acc=0000000000084725 ZABC
going to insert process 17 to ready queue.
going to schedule process 18 to run.
[stress] slot=17 round=61 acc=00000000000ffb47 ABCD
going to insert process 18 to ready queue.
going to schedule process 19 to run.
[stress] slot=18 round=61 acc=0000000000062db9 BCDE
going to insert process 19 to ready queue.
going to schedule process 20 to run.
[stress] slot=19 round=61 acc=00000000000670fc CDEF
going to insert process 20 to ready queue.
going to schedule process 21 to run.
[stress] slot=20 round=61 acc=0000000000002f5f DEFG
going to insert process 21 to ready queue.
going to schedule process 22 to run.
[stress] slot=21 round=60 acc=00000000000aaa4d DEFG
going to insert process 22 to ready queue.
going to schedule process 23 to run.
[stress] slot=22 round=61 acc=00000000000544ff FGHI
going to insert process 23 to ready queue.
going to schedule process 24 to run.
[stress] slot=23 round=61 acc=000000000000302f GHIJ
going to insert process 24 to ready queue.
going to schedule process 25 to run.
[stress] slot=24 round=61 acc=00000000000e25f2 HIJK
going to insert process 25 to ready queue.
going to schedule process 26 to run.
[stress] slot=25 round=61 acc=000000000001bc74 IJKL
going to insert process 26 to ready queue.
going to schedule process 27 to run.
[stress] slot=26 round=61 acc=00000000000d3a9b JKLM
going to insert process 27 to ready queue.
going to schedule process 28 to run.
[stress] slot=27 round=61 acc=000000000001c3b2 KLMN
going to insert process 28 to ready queue.
going to schedule process 0 to run.
going to insert process 0 to ready queue.
going to schedule process 1 to run.
[stress] slot=0 round=62 acc=000000000003cac1 KLMN
going to insert process 1 to ready queue.
going to schedule process 2 to run.
[stress] slot=1 round=62 acc=00000000000f316e LMNO
going to insert process 2 to ready queue.
going to schedule process 3 to run.
[stress] slot=2 round=62 acc=000000000007295d MNOP
going to insert process 3 to ready queue.
going to schedule process 4 to run.
[stress] slot=3 round=62 acc=00000000000750cc NOPQ
going to insert process 4 to ready queue.
going to schedule process 5 to run.
[stress] slot=4 round=62 acc=00000000000fc710 OPQR
going to insert process 5 to ready queue.
going to schedule process 6 to run.
[stress] slot=5 round=62 acc=00000000000c8dc2 PQRS
going to insert process 6 to ready queue.
going to schedule process 7 to run.
[stress] slot=6 round=62 acc=000000000002b752 QRST
going to insert process 7 to ready queue.
going to schedule process 8 to run.
[stress] slot=7 round=62 acc=0000000000092960 RSTU
going to insert process 8 to ready queue.
going to schedule process 9 to run.
[stress] slot=8 round=62 acc=000000000000808e STUV
going to insert process 9 to ready queue.
going to schedule process 10 to run.
[stress] slot=9 round=61 acc=00000000000c890b STUV
going to insert process 10 to ready queue.
going to schedule process 11 to run.
[stress] slot=10 round=62 acc=000000000009c7e2 UVWX
going to insert process 11 to ready queue.
going to schedule process 12 to run.
[stress] slot=11 round=62 acc=000000000002bab8 VWXY
going to insert process 12 to ready queue.
going to schedule process 13 to run.
[stress] slot=12 round=62 acc=000000000008f323 WXYZ
going to insert process 13 to ready queue.
going to schedule process 14 to run.
[stress] slot=13 round=62 acc=000000000002b2cb XYZA
going to insert process 14 to ready queue.
going to schedule process 15 to run.
[stress] slot=14 round=62 acc=00000000000b5ada YZAB
going to insert process 15 to ready queue.
going to schedule process 16 to run.
[stress] slot=15 round=62 acc=000000000000c8a8 ZABC
going to insert process 16 to ready queue.
going to schedule process 17 to run.
[stress] slot=16 round=62 acc=0000000000038e95 ABCD
going to insert process 17 to ready queue.
going to schedule process 18 to run.
[stress] slot=17 round=62 acc=0000000000083892 BCDE
going to insert process 18 to ready queue.
going to schedule process 19 to run.
[stress] slot=18 round=62 acc=000000000001cc67 CDEF
going to insert process 19 to ready queue.
going to schedule process 20 to run.
[stress] slot=19 round=62 acc=00000000000d5289 DEFG
going to insert process 20 to ready queue.
going to schedule process 21 to run.
[stress] slot=20 round=62 acc=0000000000049d4d EFGH
going to insert process 21 to ready queue.
going to schedule process 22 to run.
[stress] slot=21 round=61 acc=0000000000018294 EFGH
going to insert process 22 to ready queue.
going to schedule process 23 to run.
[stress] slot=22 round=62 acc=0000000000093dd6 GHIJ
going to insert process 23 to ready queue.
going to schedule process 24 to run.
[stress] slot=23 round=62 acc=000000000006292d HIJK
going to insert process 24 to ready queue.
going to schedule process 25 to run.
[stress] slot=24 round=62 acc=000000000002f37a IJKL
going to insert process 25 to ready queue.
going to schedule process 26 to run.
[stress] slot=25 round=62 acc=00000000000cb08c JKLM
going to insert process 26 to ready queue.
going to schedule process 27 to run.
[stress] slot=26 round=62 acc=00000000000728b7 KLMN
going to insert process 27 to ready queue.
going to schedule process 28 to run.
[stress] slot=27 round=62 acc=0000000000007262 LMNO
going to insert process 28 to ready queue.
going to schedule process 0 to run.
going to insert process 0 to ready queue.
going to schedule process 1 to run.
[stress] slot=0 round=63 acc=0000000000047cea LMNO
going to insert process 1 to ready queue.
going to schedule process 2 to run.
[stress] slot=1 round=63 acc=000000000000830a MNOP
going to insert process 2 to ready queue.
going to schedule process 3 to run.
[stress] slot=2 round=63 acc=00000000000feef2 NOPQ
going to insert process 3 to ready queue.
going to schedule process 4 to run.
[stress] slot=3 round=63 acc=00000000000662c2 OPQR
going to insert process 4 to ready queue.
going to schedule process 5 to run.
[stress] slot=4 round=63 acc=00000000000f9d64 PQRS
going to insert process 5 to ready queue.
going to schedule process 6 to run.
[stress] slot=5 round=63 acc=00000000000bdb01 QRST
going to insert process 6 to ready queue.
going to schedule process 7 to run.
[stress] slot=6 round=63 acc=00000000000d3c11 RSTU
going to insert process 7 to ready queue.
going to schedule process 8 to run.
[stress] slot=7 round=63 acc=0000000000070de5 STUV
going to insert process 8 to ready queue.
going to schedule process 9 to run.
[stress] slot=8 round=63 acc=00000000000c28df TUVW
going to insert process 9 to ready queue.
going to schedule process 10 to run.
[stress] slot=9 round=62 acc=00000000000aae29 TUVW
going to insert process 10 to ready queue.
going to schedule process 11 to run.
[stress] slot=10 round=63 acc=00000000000b58c9 VWXY
going to insert process 11 to ready queue.
going to schedule process 12 to run.
Ticks 10
[stress] slot=11 round=63 acc=00000000000a2495 WXYZ
going to insert process 12 to ready queue.
going to schedule process 13 to run.
[stress] slot=12 round=63 acc=00000000000a0401 XYZA
going to insert process 13 to ready queue.
going to schedule process 14 to run.
[stress] slot=13 round=63 acc=00000000000bdc22 YZAB
going to insert process 14 to ready queue.
going to schedule process 15 to run.
[stress] slot=14 round=63 acc=000000000003def3 ZABC
going to insert process 15 to ready queue.
going to schedule process 16 to run.
[stress] slot=15 round=63 acc=00000000000fbd76 ABCD
going to insert process 16 to ready queue.
going to schedule process 17 to run.
[stress] slot=16 round=63 acc=000000000007a98a BCDE
going to insert process 17 to ready queue.
going to schedule process 18 to run.
[stress] slot=17 round=63 acc=000000000003b7c5 CDEF
going to insert process 18 to ready queue.
going to schedule process 19 to run.
[stress] slot=18 round=63 acc=00000000000ee71a DEFG
going to insert process 19 to ready queue.
going to schedule process 20 to run.
[stress] slot=19 round=63 acc=00000000000e2683 EFGH
going to insert process 20 to ready queue.
going to schedule process 21 to run.
[stress] slot=20 round=63 acc=00000000000d4bcb FGHI
going to insert process 21 to ready queue.
going to schedule process 22 to run.
[stress] slot=21 round=62 acc=00000000000019af FGHI
going to insert process 22 to ready queue.
going to schedule process 23 to run.
[stress] slot=22 round=63 acc=00000000000f5456 HIJK
going to insert process 23 to ready queue.
going to schedule process 24 to run.
[stress] slot=23 round=63 acc=0000000000052518 IJKL
going to insert process 24 to ready queue.
going to schedule process 25 to run.
[stress] slot=24 round=63 acc=00000000000b09f2 JKLM
going to insert process 25 to ready queue.
going to schedule process 26 to run.
[stress] slot=25 round=63 acc=000000000002aa4d KLMN
going to insert process 26 to ready queue.
going to schedule process 27 to run.
[stress] slot=26 round=63 acc=00000000000dfe25 LMNO
going to insert process 27 to ready queue.
going to schedule process 28 to run.
[stress] slot=27 round=63 acc=000000000009765e MNOP
going to insert process 28 to ready queue.
going to schedule process 0 to run.
going to insert process 0 to ready queue.
going to schedule process 1 to run.
[stress] slot=0 exit
User exit with code:0.
going to schedule process 2 to run.
[stress] slot=1 exit
User exit with code:0.
going to schedule process 3 to run.
[stress] slot=2 exit
User exit with code:0.
going to schedule process 4 to run.
[stress] slot=3 exit
User exit with code:0.
going to schedule process 5 to run.
[stress] slot=4 exit
User exit with code:0.
going to schedule process 6 to run.
[stress] slot=5 exit
User exit with code:0.
going to schedule process 7 to run.
[stress] slot=6 exit
User exit with code:0.
going to schedule process 8 to run.
[stress] slot=7 exit
User exit with code:0.
going to schedule process 9 to run.
[stress] slot=8 exit
User exit with code:0.
going to schedule process 10 to run.
[stress] slot=9 round=63 acc=00000000000673b1 UVWX
going to insert process 10 to ready queue.
going to schedule process 11 to run.
[stress] slot=10 exit
User exit with code:0.
going to schedule process 12 to run.
[stress] slot=11 exit
User exit with code:0.
going to schedule process 13 to run.
[stress] slot=12 exit
User exit with code:0.
going to schedule process 14 to run.
[stress] slot=13 exit
User exit with code:0.
going to schedule process 15 to run.
[stress] slot=14 exit
User exit with code:0.
going to schedule process 16 to run.
[stress] slot=15 exit
User exit with code:0.
going to schedule process 17 to run.
[stress] slot=16 exit
User exit with code:0.
going to schedule process 18 to run.
[stress] slot=17 exit
User exit with code:0.
going to schedule process 19 to run.
[stress] slot=18 exit
User exit with code:0.
going to schedule process 20 to run.
[stress] slot=19 exit
User exit with code:0.
going to schedule process 21 to run.
[stress] slot=20 exit
User exit with code:0.
going to schedule process 22 to run.
[stress] slot=21 round=63 acc=00000000000f68ab GHIJ
going to insert process 22 to ready queue.
going to schedule process 23 to run.
[stress] slot=22 exit
User exit with code:0.
going to schedule process 24 to run.
[stress] slot=23 exit
User exit with code:0.
going to schedule process 25 to run.
[stress] slot=24 exit
User exit with code:0.
going to schedule process 26 to run.
[stress] slot=25 exit
User exit with code:0.
going to schedule process 27 to run.
[stress] slot=26 exit
User exit with code:0.
going to schedule process 28 to run.
[stress] slot=27 exit
User exit with code:0.
going to schedule process 0 to run.
[stress] reaped slot=0 pid=1
[stress] reaped slot=1 pid=2
[stress] reaped slot=2 pid=3
[stress] reaped slot=3 pid=4
[stress] reaped slot=4 pid=5
[stress] reaped slot=5 pid=6
[stress] reaped slot=6 pid=7
[stress] reaped slot=7 pid=8
[stress] reaped slot=8 pid=9
[stress] reaped slot=10 pid=11
[stress] reaped slot=11 pid=12
[stress] reaped slot=12 pid=13
[stress] reaped slot=13 pid=14
[stress] reaped slot=14 pid=15
[stress] reaped slot=15 pid=16
[stress] reaped slot=16 pid=17
[stress] reaped slot=17 pid=18
[stress] reaped slot=18 pid=19
[stress] reaped slot=19 pid=20
[stress] reaped slot=20 pid=21
[stress] reaped slot=22 pid=23
[stress] reaped slot=23 pid=24
[stress] reaped slot=24 pid=25
[stress] reaped slot=25 pid=26
[stress] reaped slot=26 pid=27
[stress] reaped slot=27 pid=28
going to insert process 0 to ready queue.
going to schedule process 10 to run.
[stress] slot=9 exit
User exit with code:0.
going to schedule process 22 to run.
[stress] slot=21 exit
User exit with code:0.
going to schedule process 0 to run.
[stress] reaped slot=9 pid=10
[stress] reaped slot=21 pid=22
[stress] complete: created=28 reaped=28
======== stress test done ========

User exit with code:0.
no more ready processes, system shutdown now.
System is shutting down with exit code 0.
